country, product, quantity, price
KE,Product 0,71,76.55
NG,Product 1,60,12.86
KE,Product 2,15,49.51
KE,Product 3,32,86.35
NG,Product 4,43,3.94
GH,Product 5,58,75.53
ZA,Product 6,56,59.76
NG,Product 7,28,44.83
MA,Product 8,72,6.87
MA,Product 9,8,87.31
MA,Product 10,82,47.24
NG,Product 11,0,50.34
NG,Product 12,10,32.98
ZA,Product 13,55,15.81
KE,Product 14,86,45.76
ZA,Product 15,52,69.59
GH,Product 16,52,51.99
MA,Product 17,44,9.13
NG,Product 18,60,18.11
GH,Product 19,90,88.86
MA,Product 20,46,88.49
KE,Product 21,14,38.46
MA,Product 22,15,63.84
ZA,Product 23,30,73.18
ZA,Product 24,47,61.99
ZA,Product 25,27,82.83
ZA,Product 26,72,42.39
KE,Product 27,34,52.66
NG,Product 28,27,38.14
GH,Product 29,22,74.86
KE,Product 30,65,34.08
GH,Product 31,67,43.98
NG,Product 32,19,58.65
GH,Product 33,97,20.59
GH,Product 34,93,59.50
MA,Product 35,66,7.69
KE,Product 36,48,99.58
MA,Product 37,86,40.48
NG,Product 38,52,87.68
GH,Product 39,49,81.20
NG,Product 40,97,36.96
KE,Product 41,48,91.19
GH,Product 42,60,71.23
KE,Product 43,42,30.81
NG,Product 44,4,94.58
MA,Product 45,97,41.48
NG,Product 46,16,42.92
MA,Product 47,24,97.90
MA,Product 48,66,56.38
MA,Product 49,10,20.93
ZA,Product 50,66,16.29
ZA,Product 51,13,27.22
MA,Product 52,53,59.09
KE,Product 53,54,87.07
GH,Product 54,96,79.65
MA,Product 55,11,54.13
NG,Product 56,24,5.13
MA,Product 57,74,62.13
GH,Product 58,83,48.54
GH,Product 59,42,85.42
ZA,Product 60,48,31.99
KE,Product 61,5,71.12
KE,Product 62,15,83.12
NG,Product 63,68,85.93
GH,Product 64,70,62.63
ZA,Product 65,48,7.76
KE,Product 66,76,33.30
ZA,Product 67,7,8.20
KE,Product 68,46,29.45
ZA,Product 69,83,85.57
GH,Product 70,95,37.97
KE,Product 71,39,76.72
GH,Product 72,38,48.81
NG,Product 73,52,40.96
KE,Product 74,20,90.21
MA,Product 75,29,30.51
ZA,Product 76,51,72.32
KE,Product 77,20,97.96
GH,Product 78,15,86.24
NG,Product 79,74,1.69
NG,Product 80,54,95.04
GH,Product 81,82,85.37
MA,Product 82,46,33.38
NG,Product 83,62,30.45
MA,Product 84,97,80.91
NG,Product 85,35,7.45
MA,Product 86,37,51.60
KE,Product 87,99,77.93
NG,Product 88,3,0.09
GH,Product 89,23,64.26
GH,Product 90,56,16.34
GH,Product 91,79,77.10
NG,Product 92,67,3.32
NG,Product 93,84,56.76
NG,Product 94,56,15.02
KE,Product 95,54,69.22
MA,Product 96,16,28.17
ZA,Product 97,55,83.22
KE,Product 98,59,19.67
GH,Product 99,21,48.62
NG,Product 100,76,27.23
KE,Product 101,36,87.93
ZA,Product 102,73,87.47
MA,Product 103,22,41.06
ZA,Product 104,19,54.63
KE,Product 105,28,17.23
GH,Product 106,73,98.88
MA,Product 107,98,60.05
MA,Product 108,91,43.94
NG,Product 109,0,48.30
GH,Product 110,56,81.64
MA,Product 111,58,13.67
NG,Product 112,89,37.42
KE,Product 113,87,74.28
MA,Product 114,50,76.96
KE,Product 115,75,81.84
KE,Product 116,73,30.17
KE,Product 117,73,11.50
KE,Product 118,23,33.07
ZA,Product 119,4,19.69
MA,Product 120,43,63.21
NG,Product 121,40,73.34
MA,Product 122,73,16.51
NG,Product 123,90,63.66
ZA,Product 124,16,91.70
GH,Product 125,13,95.76
KE,Product 126,78,63.52
GH,Product 127,77,46.33
KE,Product 128,94,9.83
GH,Product 129,19,16.42
MA,Product 130,28,45.45
KE,Product 131,25,91.18
MA,Product 132,95,66.18
KE,Product 133,15,2.99
ZA,Product 134,93,24.56
NG,Product 135,41,92.85
ZA,Product 136,56,94.18
GH,Product 137,41,18.47
MA,Product 138,83,95.29
KE,Product 139,70,9.44
KE,Product 140,4,95.76
GH,Product 141,15,12.66
NG,Product 142,39,46.46
ZA,Product 143,26,0.70
ZA,Product 144,99,21.43
GH,Product 145,45,9.29
ZA,Product 146,55,14.66
MA,Product 147,88,70.72
KE,Product 148,64,68.76
NG,Product 149,16,77.99
KE,Product 150,39,97.72
ZA,Product 151,92,62.56
ZA,Product 152,85,50.95
ZA,Product 153,40,78.75
MA,Product 154,86,9.20
ZA,Product 155,99,23.32
MA,Product 156,86,87.72
NG,Product 157,58,13.08
GH,Product 158,91,11.30
MA,Product 159,99,89.69
NG,Product 160,35,3.97
KE,Product 161,46,84.42
ZA,Product 162,2,25.57
NG,Product 163,18,35.24
ZA,Product 164,74,11.58
GH,Product 165,78,99.89
KE,Product 166,29,30.28
ZA,Product 167,91,62.44
NG,Product 168,61,70.97
GH,Product 169,16,15.56
NG,Product 170,82,73.56
ZA,Product 171,90,27.56
MA,Product 172,24,66.87
GH,Product 173,43,11.86
ZA,Product 174,72,17.35
GH,Product 175,33,7.35
ZA,Product 176,55,20.63
NG,Product 177,29,17.35
ZA,Product 178,85,5.91
MA,Product 179,18,72.15
ZA,Product 180,50,79.09
MA,Product 181,7,3.13
GH,Product 182,95,44.82
MA,Product 183,93,95.39
ZA,Product 184,29,19.03
ZA,Product 185,63,56.59
MA,Product 186,13,94.62
MA,Product 187,1,54.11
MA,Product 188,17,93.43
KE,Product 189,28,66.49
ZA,Product 190,45,19.21
MA,Product 191,28,81.78
ZA,Product 192,83,79.55
MA,Product 193,65,47.31
ZA,Product 194,13,91.86
ZA,Product 195,68,42.49
KE,Product 196,41,0.56
ZA,Product 197,53,35.67
ZA,Product 198,87,67.49
GH,Product 199,98,20.73
GH,Product 200,19,81.14
ZA,Product 201,62,32.18
GH,Product 202,87,85.63
KE,Product 203,2,60.35
GH,Product 204,33,3.77
GH,Product 205,55,20.70
NG,Product 206,8,34.19
ZA,Product 207,3,38.11
GH,Product 208,90,71.56
GH,Product 209,70,77.29
KE,Product 210,10,5.84
KE,Product 211,68,4.61
GH,Product 212,62,78.50
NG,Product 213,63,84.44
GH,Product 214,26,1.64
ZA,Product 215,14,5.47
NG,Product 216,38,62.05
MA,Product 217,98,24.63
MA,Product 218,25,33.98
MA,Product 219,22,0.27
ZA,Product 220,65,21.33
GH,Product 221,44,43.47
MA,Product 222,0,85.81
GH,Product 223,66,19.41
ZA,Product 224,67,83.48
NG,Product 225,47,48.25
NG,Product 226,5,96.67
GH,Product 227,98,94.72
MA,Product 228,71,63.42
NG,Product 229,97,14.54
KE,Product 230,81,83.16
KE,Product 231,6,41.30
GH,Product 232,93,25.84
NG,Product 233,6,3.01
GH,Product 234,31,39.66
GH,Product 235,58,67.61
NG,Product 236,3,96.97
MA,Product 237,77,85.03
NG,Product 238,79,21.58
MA,Product 239,78,25.64
GH,Product 240,70,36.34
NG,Product 241,59,30.67
GH,Product 242,29,63.18
GH,Product 243,65,3.71
MA,Product 244,70,36.25
ZA,Product 245,93,63.84
MA,Product 246,65,41.85
ZA,Product 247,67,0.75
KE,Product 248,94,10.24
ZA,Product 249,80,66.40
ZA,Product 250,78,47.91
ZA,Product 251,14,48.31
ZA,Product 252,83,61.02
GH,Product 253,35,69.32
ZA,Product 254,60,92.99
ZA,Product 255,95,18.86
NG,Product 256,99,13.74
MA,Product 257,47,29.72
GH,Product 258,66,73.94
MA,Product 259,43,82.12
ZA,Product 260,64,69.99
NG,Product 261,93,7.01
GH,Product 262,62,8.27
GH,Product 263,55,81.82
ZA,Product 264,15,50.26
KE,Product 265,22,47.36
KE,Product 266,49,28.29
GH,Product 267,60,81.48
ZA,Product 268,93,1.01
MA,Product 269,83,68.08
MA,Product 270,11,34.64
MA,Product 271,80,33.01
MA,Product 272,4,25.89
MA,Product 273,10,56.05
NG,Product 274,59,58.94
GH,Product 275,90,41.55
GH,Product 276,75,88.31
KE,Product 277,50,58.73
MA,Product 278,96,1.24
MA,Product 279,64,79.28
MA,Product 280,91,55.82
ZA,Product 281,98,59.74
NG,Product 282,45,97.31
MA,Product 283,92,37.79
ZA,Product 284,44,84.70
ZA,Product 285,9,42.60
ZA,Product 286,94,96.87
GH,Product 287,98,21.66
KE,Product 288,50,46.59
KE,Product 289,18,90.41
MA,Product 290,72,11.59
GH,Product 291,3,38.98
KE,Product 292,67,12.66
ZA,Product 293,79,60.42
KE,Product 294,76,73.31
GH,Product 295,75,13.29
NG,Product 296,46,48.97
GH,Product 297,2,95.71
ZA,Product 298,67,98.13
NG,Product 299,46,48.55
ZA,Product 300,25,11.94
ZA,Product 301,45,58.34
ZA,Product 302,49,67.02
ZA,Product 303,8,47.16
GH,Product 304,25,46.23
ZA,Product 305,37,29.01
ZA,Product 306,58,20.41
NG,Product 307,64,98.89
NG,Product 308,93,94.99
MA,Product 309,74,54.93
NG,Product 310,33,95.16
KE,Product 311,63,52.87
KE,Product 312,54,7.72
ZA,Product 313,22,53.41
MA,Product 314,83,62.12
NG,Product 315,10,54.27
ZA,Product 316,40,85.16
ZA,Product 317,25,69.07
GH,Product 318,85,9.48
MA,Product 319,17,61.41
ZA,Product 320,88,31.93
MA,Product 321,50,58.85
ZA,Product 322,74,9.86
MA,Product 323,59,35.62
ZA,Product 324,79,57.63
MA,Product 325,89,78.63
NG,Product 326,62,68.31
ZA,Product 327,93,65.03
NG,Product 328,38,97.42
NG,Product 329,43,22.70
GH,Product 330,24,40.86
ZA,Product 331,22,77.11
ZA,Product 332,76,58.45
MA,Product 333,66,15.61
ZA,Product 334,46,57.03
ZA,Product 335,9,16.78
NG,Product 336,15,89.98
NG,Product 337,9,29.74
GH,Product 338,26,78.88
MA,Product 339,0,36.61
MA,Product 340,53,85.00
KE,Product 341,50,8.82
MA,Product 342,48,36.67
ZA,Product 343,61,25.31
ZA,Product 344,85,45.60
GH,Product 345,18,1.83
GH,Product 346,84,7.31
NG,Product 347,93,25.84
ZA,Product 348,68,43.06
ZA,Product 349,17,28.36
KE,Product 350,19,69.61
ZA,Product 351,94,10.89
NG,Product 352,5,21.35
KE,Product 353,77,60.17
GH,Product 354,83,19.02
MA,Product 355,4,95.74
NG,Product 356,7,58.95
KE,Product 357,65,61.94
ZA,Product 358,44,59.03
GH,Product 359,0,42.78
GH,Product 360,3,54.85
NG,Product 361,30,55.32
ZA,Product 362,12,52.87
NG,Product 363,34,26.05
ZA,Product 364,48,39.44
ZA,Product 365,50,94.79
NG,Product 366,70,88.89
NG,Product 367,21,64.63
MA,Product 368,13,91.39
GH,Product 369,61,97.48
GH,Product 370,73,51.84
NG,Product 371,88,26.66
NG,Product 372,49,55.08
KE,Product 373,46,98.06
MA,Product 374,79,25.45
MA,Product 375,44,13.85
KE,Product 376,18,77.37
NG,Product 377,99,9.29
MA,Product 378,37,5.58
ZA,Product 379,68,25.31
ZA,Product 380,0,74.79
NG,Product 381,25,24.07
ZA,Product 382,37,28.33
MA,Product 383,68,88.97
ZA,Product 384,12,35.68
GH,Product 385,95,59.02
KE,Product 386,79,8.75
GH,Product 387,92,52.62
ZA,Product 388,44,55.95
GH,Product 389,61,47.43
GH,Product 390,93,86.06
GH,Product 391,52,27.36
GH,Product 392,75,60.10
MA,Product 393,46,97.93
GH,Product 394,68,38.36
ZA,Product 395,29,71.63
ZA,Product 396,14,8.99
MA,Product 397,86,91.71
NG,Product 398,2,37.18
NG,Product 399,31,93.13
MA,Product 400,73,52.11
GH,Product 401,79,60.88
GH,Product 402,14,63.07
GH,Product 403,74,89.69
ZA,Product 404,21,6.33
KE,Product 405,84,27.61
NG,Product 406,13,1.88
GH,Product 407,14,19.50
GH,Product 408,66,64.10
KE,Product 409,32,27.27
MA,Product 410,60,13.21
MA,Product 411,90,86.02
MA,Product 412,29,99.03
GH,Product 413,61,27.83
NG,Product 414,54,18.74
MA,Product 415,81,14.88
KE,Product 416,28,35.34
ZA,Product 417,54,36.08
GH,Product 418,16,88.26
KE,Product 419,78,93.61
ZA,Product 420,24,83.55
KE,Product 421,14,99.00
KE,Product 422,52,55.24
MA,Product 423,88,40.57
MA,Product 424,25,7.25
GH,Product 425,16,85.91
NG,Product 426,97,22.16
NG,Product 427,61,35.31
NG,Product 428,54,21.49
NG,Product 429,33,23.05
ZA,Product 430,77,43.10
NG,Product 431,54,33.28
MA,Product 432,78,47.55
ZA,Product 433,92,41.65
MA,Product 434,25,87.77
ZA,Product 435,13,47.91
ZA,Product 436,98,93.86
ZA,Product 437,54,56.15
GH,Product 438,73,7.05
NG,Product 439,1,36.33
ZA,Product 440,2,79.61
KE,Product 441,34,22.28
KE,Product 442,7,66.32
ZA,Product 443,76,13.70
ZA,Product 444,60,66.39
MA,Product 445,93,72.95
GH,Product 446,36,65.59
KE,Product 447,90,22.12
KE,Product 448,1,72.44
KE,Product 449,28,51.67
MA,Product 450,6,86.94
KE,Product 451,36,57.03
ZA,Product 452,66,0.62
GH,Product 453,93,59.24
MA,Product 454,39,84.20
ZA,Product 455,26,2.58
GH,Product 456,85,47.44
MA,Product 457,62,31.30
KE,Product 458,72,41.36
KE,Product 459,48,95.58
ZA,Product 460,34,60.68
GH,Product 461,11,81.46
NG,Product 462,50,85.17
GH,Product 463,17,60.98
NG,Product 464,40,37.84
KE,Product 465,66,5.77
NG,Product 466,31,31.28
MA,Product 467,41,60.67
ZA,Product 468,13,13.94
MA,Product 469,78,58.72
GH,Product 470,59,94.78
KE,Product 471,38,83.05
MA,Product 472,84,26.31
ZA,Product 473,39,68.73
GH,Product 474,39,17.10
KE,Product 475,3,30.46
GH,Product 476,38,43.52
GH,Product 477,37,88.25
GH,Product 478,25,54.22
KE,Product 479,36,26.00
MA,Product 480,50,0.68
GH,Product 481,20,48.36
KE,Product 482,9,26.81
GH,Product 483,19,24.12
MA,Product 484,89,40.06
KE,Product 485,82,33.47
MA,Product 486,48,27.03
MA,Product 487,65,15.68
KE,Product 488,61,51.50
NG,Product 489,46,86.63
KE,Product 490,41,21.24
GH,Product 491,52,79.16
GH,Product 492,41,8.24
KE,Product 493,29,47.86
ZA,Product 494,42,97.26
GH,Product 495,70,49.79
KE,Product 496,20,33.51
ZA,Product 497,42,48.36
KE,Product 498,23,85.96
GH,Product 499,10,53.41
KE,Product 500,83,10.09
NG,Product 501,10,53.44
MA,Product 502,61,84.62
GH,Product 503,24,14.14
NG,Product 504,80,84.25
KE,Product 505,17,8.29
NG,Product 506,27,79.14
MA,Product 507,14,34.68
GH,Product 508,36,85.71
KE,Product 509,96,62.80
GH,Product 510,31,88.30
KE,Product 511,99,50.33
ZA,Product 512,3,45.36
KE,Product 513,4,82.15
KE,Product 514,75,83.33
MA,Product 515,81,55.43
NG,Product 516,26,48.56
GH,Product 517,15,77.49
MA,Product 518,86,19.39
ZA,Product 519,65,19.01
MA,Product 520,74,35.66
GH,Product 521,98,33.76
ZA,Product 522,53,68.46
NG,Product 523,31,5.38
MA,Product 524,92,36.87
MA,Product 525,89,60.98
KE,Product 526,70,94.37
GH,Product 527,72,7.78
GH,Product 528,16,65.55
ZA,Product 529,79,28.04
GH,Product 530,59,62.74
ZA,Product 531,98,75.00
MA,Product 532,1,59.10
MA,Product 533,20,2.54
GH,Product 534,56,75.58
NG,Product 535,4,70.13
KE,Product 536,37,33.96
NG,Product 537,39,34.72
MA,Product 538,28,26.17
NG,Product 539,3,47.05
KE,Product 540,73,38.31
ZA,Product 541,41,34.09
ZA,Product 542,68,4.46
ZA,Product 543,30,48.09
ZA,Product 544,40,63.75
GH,Product 545,34,71.66
ZA,Product 546,53,11.43
MA,Product 547,42,13.53
GH,Product 548,42,99.78
GH,Product 549,15,8.78
GH,Product 550,68,45.52
MA,Product 551,59,22.83
NG,Product 552,92,72.71
NG,Product 553,66,52.64
MA,Product 554,30,32.57
KE,Product 555,16,60.90
KE,Product 556,27,52.13
NG,Product 557,23,23.11
KE,Product 558,69,53.78
KE,Product 559,75,91.36
ZA,Product 560,79,61.12
KE,Product 561,93,50.30
KE,Product 562,56,31.20
NG,Product 563,91,42.44
ZA,Product 564,78,48.90
KE,Product 565,56,32.35
NG,Product 566,16,96.82
NG,Product 567,60,40.28
MA,Product 568,58,58.37
GH,Product 569,62,39.43
GH,Product 570,12,32.41
MA,Product 571,46,98.86
NG,Product 572,21,86.50
ZA,Product 573,13,53.84
ZA,Product 574,1,93.57
ZA,Product 575,87,73.78
MA,Product 576,26,56.48
NG,Product 577,64,89.36
GH,Product 578,15,26.68
ZA,Product 579,45,99.99
ZA,Product 580,32,74.44
GH,Product 581,95,39.40
GH,Product 582,48,68.05
ZA,Product 583,24,41.23
ZA,Product 584,1,20.49
GH,Product 585,2,22.60
ZA,Product 586,93,88.80
NG,Product 587,75,48.14
KE,Product 588,97,59.70
NG,Product 589,44,90.72
NG,Product 590,62,86.58
NG,Product 591,12,83.02
MA,Product 592,92,8.20
KE,Product 593,88,23.25
NG,Product 594,77,92.30
GH,Product 595,19,38.90
NG,Product 596,11,96.59
NG,Product 597,2,27.92
MA,Product 598,94,21.01
GH,Product 599,70,65.30
ZA,Product 600,67,7.14
KE,Product 601,24,90.57
GH,Product 602,58,86.74
NG,Product 603,59,97.33
NG,Product 604,24,41.41
GH,Product 605,56,67.94
MA,Product 606,5,17.39
GH,Product 607,13,48.32
MA,Product 608,34,75.93
NG,Product 609,23,75.06
GH,Product 610,65,98.59
KE,Product 611,95,84.88
NG,Product 612,59,13.14
MA,Product 613,95,2.09
GH,Product 614,41,85.17
NG,Product 615,58,79.86
GH,Product 616,35,16.84
KE,Product 617,62,40.94
MA,Product 618,25,2.77
ZA,Product 619,31,73.33
ZA,Product 620,75,20.84
ZA,Product 621,67,17.32
GH,Product 622,41,48.64
NG,Product 623,28,55.25
KE,Product 624,70,36.54
ZA,Product 625,12,37.91
MA,Product 626,45,98.96
GH,Product 627,18,93.36
ZA,Product 628,8,2.94
ZA,Product 629,99,25.76
KE,Product 630,80,12.21
GH,Product 631,81,91.00
ZA,Product 632,6,92.34
GH,Product 633,76,63.30
ZA,Product 634,20,42.12
GH,Product 635,44,30.70
NG,Product 636,12,5.84
KE,Product 637,85,61.41
MA,Product 638,62,90.63
KE,Product 639,76,94.62
KE,Product 640,30,19.96
MA,Product 641,52,51.49
NG,Product 642,60,25.89
ZA,Product 643,76,90.03
MA,Product 644,13,61.30
ZA,Product 645,99,69.74
ZA,Product 646,83,56.79
KE,Product 647,50,27.49
NG,Product 648,93,7.89
GH,Product 649,25,95.69
GH,Product 650,8,97.72
GH,Product 651,93,41.05
NG,Product 652,32,48.76
GH,Product 653,18,94.77
ZA,Product 654,17,31.44
KE,Product 655,97,8.25
GH,Product 656,14,42.85
KE,Product 657,21,31.73
MA,Product 658,0,17.27
NG,Product 659,31,91.24
NG,Product 660,60,79.68
KE,Product 661,63,56.98
NG,Product 662,0,60.02
GH,Product 663,40,57.29
MA,Product 664,68,5.82
GH,Product 665,50,28.17
KE,Product 666,70,25.03
MA,Product 667,79,58.94
MA,Product 668,66,1.33
MA,Product 669,30,21.05
GH,Product 670,58,95.37
GH,Product 671,48,73.65
NG,Product 672,47,54.89
KE,Product 673,51,1.28
NG,Product 674,18,12.21
KE,Product 675,17,71.88
ZA,Product 676,92,23.59
NG,Product 677,89,29.06
MA,Product 678,16,61.89
ZA,Product 679,10,7.31
ZA,Product 680,65,43.99
NG,Product 681,94,69.45
ZA,Product 682,39,24.23
GH,Product 683,86,44.23
NG,Product 684,21,92.40
ZA,Product 685,39,16.24
ZA,Product 686,68,69.67
KE,Product 687,82,16.10
NG,Product 688,39,18.42
NG,Product 689,73,53.12
NG,Product 690,46,91.40
ZA,Product 691,99,9.00
MA,Product 692,2,29.24
KE,Product 693,42,6.98
NG,Product 694,50,41.27
NG,Product 695,20,38.45
GH,Product 696,64,79.93
MA,Product 697,75,61.29
KE,Product 698,10,90.51
MA,Product 699,33,1.69
GH,Product 700,71,10.03
KE,Product 701,49,18.16
GH,Product 702,77,55.23
GH,Product 703,80,56.24
NG,Product 704,97,0.73
GH,Product 705,72,54.42
GH,Product 706,44,13.75
NG,Product 707,34,89.82
KE,Product 708,44,38.96
NG,Product 709,40,76.98
MA,Product 710,93,18.01
ZA,Product 711,13,75.17
KE,Product 712,17,74.05
GH,Product 713,41,56.78
KE,Product 714,1,16.64
KE,Product 715,78,97.48
GH,Product 716,52,84.82
NG,Product 717,50,13.27
ZA,Product 718,69,28.36
ZA,Product 719,56,9.41
ZA,Product 720,93,28.50
GH,Product 721,81,53.46
KE,Product 722,79,94.04
KE,Product 723,78,61.81
ZA,Product 724,83,37.58
KE,Product 725,15,76.05
NG,Product 726,58,40.93
MA,Product 727,67,45.02
KE,Product 728,57,77.60
KE,Product 729,49,86.93
ZA,Product 730,56,11.16
GH,Product 731,75,90.74
KE,Product 732,84,6.21
KE,Product 733,17,8.52
MA,Product 734,89,4.35
GH,Product 735,63,39.67
GH,Product 736,79,91.61
MA,Product 737,37,95.68
NG,Product 738,78,24.44
ZA,Product 739,21,33.26
NG,Product 740,10,69.38
KE,Product 741,61,14.49
MA,Product 742,16,95.06
NG,Product 743,83,51.11
ZA,Product 744,70,61.82
KE,Product 745,51,55.99
NG,Product 746,52,32.26
NG,Product 747,48,41.73
NG,Product 748,47,21.87
KE,Product 749,46,25.99
GH,Product 750,92,49.84
NG,Product 751,88,69.28
GH,Product 752,59,80.73
KE,Product 753,14,82.45
KE,Product 754,11,36.07
KE,Product 755,74,55.90
KE,Product 756,8,49.29
NG,Product 757,83,37.59
NG,Product 758,44,87.47
ZA,Product 759,60,11.47
KE,Product 760,54,13.57
MA,Product 761,88,72.03
NG,Product 762,17,97.92
GH,Product 763,55,15.05
GH,Product 764,93,98.74
NG,Product 765,12,26.09
NG,Product 766,95,6.71
GH,Product 767,75,81.65
ZA,Product 768,61,97.48
MA,Product 769,90,8.14
MA,Product 770,13,86.14
MA,Product 771,12,33.13
MA,Product 772,9,15.86
KE,Product 773,9,81.07
KE,Product 774,19,83.50
MA,Product 775,69,9.06
MA,Product 776,34,0.12
NG,Product 777,16,71.78
MA,Product 778,65,60.00
GH,Product 779,77,62.84
NG,Product 780,50,16.65
KE,Product 781,56,47.90
KE,Product 782,37,49.18
MA,Product 783,85,95.12
ZA,Product 784,74,78.56
ZA,Product 785,12,22.35
KE,Product 786,64,46.94
KE,Product 787,14,32.07
MA,Product 788,81,40.77
KE,Product 789,25,81.55
MA,Product 790,4,34.07
KE,Product 791,76,89.85
NG,Product 792,97,56.86
MA,Product 793,73,30.95
MA,Product 794,56,51.17
MA,Product 795,95,79.90
NG,Product 796,92,59.55
ZA,Product 797,62,63.79
GH,Product 798,8,0.65
NG,Product 799,34,0.98
NG,Product 800,33,47.35
GH,Product 801,90,3.75
MA,Product 802,8,63.68
ZA,Product 803,5,97.77
NG,Product 804,25,50.72
MA,Product 805,73,73.44
MA,Product 806,50,17.26
GH,Product 807,90,56.37
ZA,Product 808,77,35.30
GH,Product 809,41,66.87
KE,Product 810,19,64.49
NG,Product 811,18,53.41
MA,Product 812,99,36.64
MA,Product 813,33,85.41
GH,Product 814,31,14.63
NG,Product 815,76,94.68
ZA,Product 816,26,89.67
NG,Product 817,22,21.97
ZA,Product 818,24,57.37
ZA,Product 819,51,68.98
ZA,Product 820,23,20.30
ZA,Product 821,79,66.22
GH,Product 822,7,34.89
ZA,Product 823,45,25.54
KE,Product 824,87,71.44
ZA,Product 825,9,65.35
MA,Product 826,57,44.11
MA,Product 827,1,71.36
KE,Product 828,59,74.28
NG,Product 829,16,90.69
ZA,Product 830,11,98.93
NG,Product 831,62,73.77
KE,Product 832,26,86.02
KE,Product 833,69,31.20
MA,Product 834,18,97.21
NG,Product 835,39,74.74
KE,Product 836,1,73.02
GH,Product 837,88,20.18
ZA,Product 838,23,2.43
KE,Product 839,13,72.14
MA,Product 840,71,70.59
ZA,Product 841,92,88.33
KE,Product 842,52,45.96
NG,Product 843,42,62.12
MA,Product 844,28,53.68
ZA,Product 845,41,78.13
KE,Product 846,41,19.72
NG,Product 847,65,13.30
KE,Product 848,33,25.78
NG,Product 849,48,21.58
ZA,Product 850,62,80.87
NG,Product 851,2,17.85
KE,Product 852,75,73.24
GH,Product 853,60,66.86
ZA,Product 854,82,11.24
NG,Product 855,87,16.89
GH,Product 856,77,30.29
GH,Product 857,7,64.89
ZA,Product 858,68,74.94
NG,Product 859,40,58.15
MA,Product 860,93,35.47
MA,Product 861,53,74.33
MA,Product 862,70,50.28
KE,Product 863,54,38.47
NG,Product 864,59,45.34
GH,Product 865,63,88.43
MA,Product 866,77,87.93
NG,Product 867,22,57.52
KE,Product 868,80,43.05
ZA,Product 869,84,46.66
KE,Product 870,84,16.69
MA,Product 871,13,94.72
MA,Product 872,6,33.95
MA,Product 873,15,18.83
NG,Product 874,74,56.23
ZA,Product 875,26,99.77
MA,Product 876,24,74.54
ZA,Product 877,8,10.81
KE,Product 878,64,21.68
NG,Product 879,40,3.77
ZA,Product 880,28,1.09
KE,Product 881,21,94.61
ZA,Product 882,98,33.01
ZA,Product 883,36,21.50
MA,Product 884,89,35.01
GH,Product 885,19,90.26
GH,Product 886,79,84.48
ZA,Product 887,92,68.81
KE,Product 888,93,16.96
ZA,Product 889,94,57.52
KE,Product 890,76,46.53
NG,Product 891,46,79.88
ZA,Product 892,97,11.99
KE,Product 893,58,79.03
KE,Product 894,81,54.70
MA,Product 895,27,39.60
ZA,Product 896,23,72.13
NG,Product 897,74,86.06
KE,Product 898,52,40.48
GH,Product 899,93,91.98
MA,Product 900,83,50.58
ZA,Product 901,8,65.37
KE,Product 902,44,80.38
GH,Product 903,12,56.90
GH,Product 904,8,62.46
MA,Product 905,38,19.05
NG,Product 906,23,26.36
NG,Product 907,32,22.26
ZA,Product 908,5,79.09
NG,Product 909,51,84.73
NG,Product 910,17,7.79
GH,Product 911,47,7.72
NG,Product 912,34,55.91
GH,Product 913,7,57.94
NG,Product 914,3,91.35
MA,Product 915,12,59.26
NG,Product 916,24,52.16
MA,Product 917,16,33.97
KE,Product 918,64,92.73
NG,Product 919,56,26.57
MA,Product 920,70,47.05
GH,Product 921,8,71.32
KE,Product 922,24,36.45
MA,Product 923,16,77.01
MA,Product 924,79,5.25
NG,Product 925,19,47.52
KE,Product 926,9,22.61
KE,Product 927,21,58.11
GH,Product 928,39,83.15
KE,Product 929,45,36.92
ZA,Product 930,77,57.81
NG,Product 931,30,11.51
NG,Product 932,6,37.55
KE,Product 933,85,5.11
GH,Product 934,90,67.99
NG,Product 935,38,1.12
GH,Product 936,60,43.74
GH,Product 937,19,7.39
KE,Product 938,54,52.59
ZA,Product 939,70,33.44
NG,Product 940,39,55.76
NG,Product 941,24,70.94
GH,Product 942,31,56.71
NG,Product 943,77,69.88
ZA,Product 944,52,97.48
NG,Product 945,99,42.69
ZA,Product 946,80,34.89
KE,Product 947,34,6.10
MA,Product 948,74,49.41
NG,Product 949,18,88.70
GH,Product 950,44,91.96
KE,Product 951,67,98.61
NG,Product 952,9,67.37
GH,Product 953,95,52.33
GH,Product 954,4,21.23
MA,Product 955,45,69.46
ZA,Product 956,79,94.30
KE,Product 957,36,69.75
GH,Product 958,96,74.81
KE,Product 959,88,81.42
NG,Product 960,51,40.50
GH,Product 961,41,95.06
NG,Product 962,6,63.96
ZA,Product 963,59,66.89
NG,Product 964,74,20.72
KE,Product 965,18,15.06
GH,Product 966,51,82.99
NG,Product 967,48,23.75
MA,Product 968,8,95.62
KE,Product 969,79,1.13
MA,Product 970,23,12.86
ZA,Product 971,0,57.95
ZA,Product 972,63,75.43
KE,Product 973,31,57.96
NG,Product 974,28,77.80
ZA,Product 975,69,63.09
NG,Product 976,18,84.23
ZA,Product 977,54,19.90
MA,Product 978,38,40.62
KE,Product 979,42,40.74
NG,Product 980,28,7.50
GH,Product 981,59,93.32
GH,Product 982,33,44.05
MA,Product 983,68,71.42
ZA,Product 984,9,32.32
GH,Product 985,24,3.60
KE,Product 986,87,1.26
GH,Product 987,82,8.29
GH,Product 988,64,10.69
NG,Product 989,68,35.53
GH,Product 990,62,9.81
ZA,Product 991,60,72.07
MA,Product 992,66,77.39
GH,Product 993,25,17.51
NG,Product 994,72,57.38
MA,Product 995,78,50.65
MA,Product 996,7,21.82
NG,Product 997,62,43.18
MA,Product 998,30,71.52
ZA,Product 999,12,14.63
NG,Product 1000,68,85.13
KE,Product 1001,89,87.28
MA,Product 1002,33,40.59
GH,Product 1003,8,20.66
ZA,Product 1004,85,9.54
MA,Product 1005,13,60.74
KE,Product 1006,98,52.39
NG,Product 1007,10,32.49
NG,Product 1008,87,18.81
ZA,Product 1009,78,34.33
GH,Product 1010,81,87.92
KE,Product 1011,94,53.86
KE,Product 1012,84,46.32
GH,Product 1013,28,78.76
NG,Product 1014,46,76.58
ZA,Product 1015,36,14.84
GH,Product 1016,12,4.94
ZA,Product 1017,76,70.79
NG,Product 1018,89,76.33
GH,Product 1019,85,3.39
NG,Product 1020,98,96.13
GH,Product 1021,17,40.68
KE,Product 1022,99,3.01
KE,Product 1023,37,63.42
KE,Product 1024,34,23.66
KE,Product 1025,36,95.08
GH,Product 1026,2,55.48
ZA,Product 1027,48,19.98
ZA,Product 1028,2,58.60
MA,Product 1029,5,56.01
MA,Product 1030,10,78.65
MA,Product 1031,17,75.29
NG,Product 1032,13,25.83
ZA,Product 1033,79,22.67
NG,Product 1034,41,69.40
NG,Product 1035,75,34.02
MA,Product 1036,67,86.66
NG,Product 1037,23,84.61
GH,Product 1038,53,59.98
NG,Product 1039,66,24.51
MA,Product 1040,60,4.51
GH,Product 1041,27,17.35
MA,Product 1042,66,42.81
KE,Product 1043,30,42.43
ZA,Product 1044,35,61.10
GH,Product 1045,80,17.96
MA,Product 1046,88,30.56
MA,Product 1047,22,5.46
GH,Product 1048,45,7.71
MA,Product 1049,1,75.91
ZA,Product 1050,33,93.98
MA,Product 1051,12,4.93
KE,Product 1052,13,41.17
ZA,Product 1053,36,25.74
GH,Product 1054,79,48.27
KE,Product 1055,34,73.21
GH,Product 1056,85,66.59
NG,Product 1057,49,5.80
ZA,Product 1058,77,98.95
NG,Product 1059,93,48.27
MA,Product 1060,64,62.88
ZA,Product 1061,24,2.29
KE,Product 1062,97,19.36
NG,Product 1063,33,11.72
KE,Product 1064,54,2.69
NG,Product 1065,3,56.43
ZA,Product 1066,29,54.12
MA,Product 1067,82,3.15
GH,Product 1068,28,14.78
MA,Product 1069,24,74.54
KE,Product 1070,33,90.88
MA,Product 1071,35,83.77
NG,Product 1072,38,48.43
NG,Product 1073,4,11.65
KE,Product 1074,96,17.11
GH,Product 1075,30,47.78
ZA,Product 1076,85,77.06
ZA,Product 1077,51,89.71
NG,Product 1078,28,9.04
NG,Product 1079,91,74.86
KE,Product 1080,33,66.89
KE,Product 1081,16,38.37
MA,Product 1082,3,22.39
GH,Product 1083,30,62.97
GH,Product 1084,4,2.20
KE,Product 1085,64,80.12
ZA,Product 1086,89,9.03
MA,Product 1087,25,42.03
ZA,Product 1088,89,72.96
MA,Product 1089,52,57.51
GH,Product 1090,95,38.55
GH,Product 1091,29,71.88
ZA,Product 1092,34,13.40
MA,Product 1093,75,20.75
ZA,Product 1094,98,3.97
KE,Product 1095,31,6.43
GH,Product 1096,79,66.96
MA,Product 1097,56,11.67
MA,Product 1098,72,97.92
MA,Product 1099,48,28.62
GH,Product 1100,54,46.47
ZA,Product 1101,50,88.03
ZA,Product 1102,5,71.69
GH,Product 1103,13,72.12
NG,Product 1104,33,29.39
KE,Product 1105,75,44.50
MA,Product 1106,1,71.63
GH,Product 1107,36,7.03
GH,Product 1108,65,96.79
NG,Product 1109,9,11.92
MA,Product 1110,28,99.15
NG,Product 1111,33,76.02
NG,Product 1112,7,79.94
GH,Product 1113,85,5.12
MA,Product 1114,35,61.76
ZA,Product 1115,40,46.11
GH,Product 1116,89,40.90
GH,Product 1117,34,16.47
GH,Product 1118,84,39.13
MA,Product 1119,59,51.41
GH,Product 1120,30,47.11
MA,Product 1121,63,1.16
KE,Product 1122,4,52.46
GH,Product 1123,49,1.71
GH,Product 1124,36,27.45
MA,Product 1125,34,37.33
GH,Product 1126,49,89.99
ZA,Product 1127,51,86.29
MA,Product 1128,54,64.44
GH,Product 1129,32,7.33
MA,Product 1130,87,27.43
MA,Product 1131,77,81.34
NG,Product 1132,8,63.47
MA,Product 1133,83,80.85
NG,Product 1134,89,36.89
MA,Product 1135,43,46.06
ZA,Product 1136,69,83.29
ZA,Product 1137,80,10.01
KE,Product 1138,13,59.67
MA,Product 1139,1,34.15
NG,Product 1140,88,83.16
GH,Product 1141,70,83.41
ZA,Product 1142,97,83.02
GH,Product 1143,73,1.52
GH,Product 1144,34,14.55
KE,Product 1145,46,56.40
MA,Product 1146,0,57.20
ZA,Product 1147,9,51.38
ZA,Product 1148,17,77.39
MA,Product 1149,37,18.36
GH,Product 1150,10,21.13
GH,Product 1151,47,49.30
ZA,Product 1152,36,0.93
KE,Product 1153,68,33.68
MA,Product 1154,36,27.08
KE,Product 1155,59,58.07
GH,Product 1156,5,21.90
GH,Product 1157,6,65.55
GH,Product 1158,71,81.38
KE,Product 1159,68,13.26
NG,Product 1160,85,76.79
GH,Product 1161,50,2.96
KE,Product 1162,18,30.40
ZA,Product 1163,18,26.16
ZA,Product 1164,53,12.04
GH,Product 1165,58,15.64
NG,Product 1166,73,94.77
KE,Product 1167,96,31.43
GH,Product 1168,68,6.65
KE,Product 1169,67,11.80
GH,Product 1170,72,5.82
GH,Product 1171,1,64.16
KE,Product 1172,86,36.58
NG,Product 1173,79,5.56
KE,Product 1174,63,70.58
KE,Product 1175,92,44.49
MA,Product 1176,37,65.55
ZA,Product 1177,5,9.78
ZA,Product 1178,41,32.71
KE,Product 1179,69,51.15
ZA,Product 1180,46,35.16
MA,Product 1181,77,18.41
KE,Product 1182,57,30.93
MA,Product 1183,72,86.69
KE,Product 1184,42,55.76
GH,Product 1185,26,23.44
KE,Product 1186,48,30.76
KE,Product 1187,80,54.91
GH,Product 1188,75,89.25
GH,Product 1189,58,26.15
KE,Product 1190,49,75.49
NG,Product 1191,2,45.39
NG,Product 1192,59,70.02
NG,Product 1193,91,81.39
MA,Product 1194,77,32.28
KE,Product 1195,61,36.82
NG,Product 1196,66,28.75
NG,Product 1197,69,21.55
ZA,Product 1198,49,76.43
ZA,Product 1199,8,54.95
NG,Product 1200,34,78.28
ZA,Product 1201,69,38.36
NG,Product 1202,39,79.84
KE,Product 1203,43,37.85
ZA,Product 1204,94,52.87
GH,Product 1205,17,66.84
GH,Product 1206,86,97.14
GH,Product 1207,86,53.31
MA,Product 1208,67,79.42
ZA,Product 1209,22,51.73
ZA,Product 1210,26,45.55
ZA,Product 1211,5,82.48
ZA,Product 1212,23,23.47
NG,Product 1213,23,21.48
GH,Product 1214,18,87.98
GH,Product 1215,18,3.28
MA,Product 1216,71,54.36
NG,Product 1217,15,82.50
ZA,Product 1218,32,30.78
MA,Product 1219,27,83.02
MA,Product 1220,72,20.83
MA,Product 1221,68,31.51
NG,Product 1222,62,46.13
MA,Product 1223,3,66.58
NG,Product 1224,76,43.61
NG,Product 1225,29,76.48
MA,Product 1226,96,78.70
MA,Product 1227,77,34.40
GH,Product 1228,37,7.25
ZA,Product 1229,82,48.52
MA,Product 1230,20,86.08
GH,Product 1231,53,78.87
ZA,Product 1232,72,52.85
MA,Product 1233,3,90.24
ZA,Product 1234,65,42.42
GH,Product 1235,28,19.81
ZA,Product 1236,54,8.51
MA,Product 1237,78,83.47
MA,Product 1238,63,37.85
NG,Product 1239,53,93.17
KE,Product 1240,33,28.72
ZA,Product 1241,74,84.43
GH,Product 1242,46,21.73
KE,Product 1243,62,86.17
GH,Product 1244,51,1.84
NG,Product 1245,93,88.82
KE,Product 1246,51,65.71
KE,Product 1247,45,60.32
KE,Product 1248,6,52.34
ZA,Product 1249,50,8.21
MA,Product 1250,70,27.81
NG,Product 1251,56,39.40
MA,Product 1252,50,49.53
MA,Product 1253,77,95.30
GH,Product 1254,43,47.24
ZA,Product 1255,85,13.47
ZA,Product 1256,23,79.65
MA,Product 1257,62,37.97
KE,Product 1258,17,39.53
KE,Product 1259,64,55.42
ZA,Product 1260,51,4.16
MA,Product 1261,16,41.81
ZA,Product 1262,30,55.07
MA,Product 1263,98,13.88
KE,Product 1264,47,32.88
MA,Product 1265,54,91.53
KE,Product 1266,57,61.79
NG,Product 1267,58,10.06
KE,Product 1268,3,92.98
KE,Product 1269,36,64.36
KE,Product 1270,62,7.51
NG,Product 1271,72,68.92
ZA,Product 1272,21,11.88
KE,Product 1273,33,4.57
GH,Product 1274,36,36.44
MA,Product 1275,87,5.13
NG,Product 1276,91,33.74
GH,Product 1277,67,81.89
KE,Product 1278,37,26.62
MA,Product 1279,20,16.93
ZA,Product 1280,13,59.74
NG,Product 1281,48,86.69
ZA,Product 1282,30,22.00
ZA,Product 1283,67,2.96
GH,Product 1284,5,30.74
ZA,Product 1285,75,76.23
GH,Product 1286,47,37.34
MA,Product 1287,34,85.62
ZA,Product 1288,52,26.42
NG,Product 1289,84,35.69
ZA,Product 1290,88,99.41
KE,Product 1291,21,18.18
NG,Product 1292,94,70.16
NG,Product 1293,51,97.30
GH,Product 1294,11,95.94
GH,Product 1295,82,16.99
KE,Product 1296,90,56.73
NG,Product 1297,99,31.66
GH,Product 1298,36,29.45
ZA,Product 1299,75,0.75
NG,Product 1300,96,48.58
NG,Product 1301,88,99.24
KE,Product 1302,20,89.47
NG,Product 1303,13,59.63
NG,Product 1304,4,79.52
NG,Product 1305,3,62.49
MA,Product 1306,90,29.82
GH,Product 1307,25,90.87
MA,Product 1308,27,16.05
MA,Product 1309,97,84.80
MA,Product 1310,43,89.06
MA,Product 1311,56,91.87
KE,Product 1312,24,77.87
GH,Product 1313,23,26.37
MA,Product 1314,53,82.49
KE,Product 1315,59,88.73
NG,Product 1316,76,9.66
GH,Product 1317,12,71.06
MA,Product 1318,41,59.57
ZA,Product 1319,49,55.99
GH,Product 1320,6,50.62
KE,Product 1321,27,3.07
GH,Product 1322,77,73.33
KE,Product 1323,72,91.28
GH,Product 1324,3,74.66
GH,Product 1325,21,97.80
MA,Product 1326,28,67.61
ZA,Product 1327,91,74.31
ZA,Product 1328,92,95.97
NG,Product 1329,23,81.33
ZA,Product 1330,57,0.04
ZA,Product 1331,39,49.12
GH,Product 1332,30,6.22
NG,Product 1333,51,21.35
NG,Product 1334,49,80.80
MA,Product 1335,84,50.61
NG,Product 1336,98,35.62
NG,Product 1337,78,10.12
ZA,Product 1338,67,99.51
GH,Product 1339,58,81.49
MA,Product 1340,21,14.30
ZA,Product 1341,30,39.87
KE,Product 1342,11,46.67
KE,Product 1343,68,92.85
ZA,Product 1344,9,39.17
GH,Product 1345,63,95.94
ZA,Product 1346,75,18.03
NG,Product 1347,64,27.36
MA,Product 1348,17,71.73
ZA,Product 1349,12,34.44
ZA,Product 1350,81,39.32
ZA,Product 1351,29,93.03
KE,Product 1352,17,63.37
GH,Product 1353,80,41.64
KE,Product 1354,56,84.37
NG,Product 1355,49,96.24
KE,Product 1356,6,2.99
ZA,Product 1357,45,94.43
KE,Product 1358,47,65.34
KE,Product 1359,12,76.09
MA,Product 1360,30,75.50
ZA,Product 1361,1,29.55
GH,Product 1362,18,52.67
MA,Product 1363,5,87.80
NG,Product 1364,43,5.18
GH,Product 1365,97,29.90
ZA,Product 1366,67,23.88
NG,Product 1367,86,28.36
MA,Product 1368,19,59.69
ZA,Product 1369,40,41.60
ZA,Product 1370,93,63.77
NG,Product 1371,61,68.56
GH,Product 1372,8,92.26
MA,Product 1373,50,27.16
NG,Product 1374,33,58.98
NG,Product 1375,37,12.13
GH,Product 1376,53,63.26
GH,Product 1377,61,59.22
KE,Product 1378,93,62.03
KE,Product 1379,55,64.54
MA,Product 1380,32,52.93
ZA,Product 1381,31,39.80
ZA,Product 1382,75,74.72
ZA,Product 1383,55,46.74
KE,Product 1384,51,89.88
ZA,Product 1385,98,29.55
GH,Product 1386,86,49.75
NG,Product 1387,35,34.63
NG,Product 1388,78,91.81
NG,Product 1389,8,15.34
ZA,Product 1390,15,45.25
NG,Product 1391,56,85.24
KE,Product 1392,71,53.62
ZA,Product 1393,32,10.43
ZA,Product 1394,19,64.88
MA,Product 1395,37,69.70
KE,Product 1396,89,46.57
MA,Product 1397,39,7.61
GH,Product 1398,66,47.19
KE,Product 1399,52,74.09
MA,Product 1400,71,20.56
GH,Product 1401,62,2.75
ZA,Product 1402,35,61.44
GH,Product 1403,30,42.02
GH,Product 1404,7,57.63
KE,Product 1405,4,15.66
ZA,Product 1406,79,41.01
ZA,Product 1407,84,12.58
MA,Product 1408,55,48.36
ZA,Product 1409,63,10.14
KE,Product 1410,30,14.67
GH,Product 1411,19,70.09
GH,Product 1412,35,25.18
NG,Product 1413,70,78.96
GH,Product 1414,15,37.69
KE,Product 1415,57,77.21
GH,Product 1416,42,32.02
GH,Product 1417,65,76.02
GH,Product 1418,83,77.50
MA,Product 1419,49,31.04
MA,Product 1420,46,6.40
NG,Product 1421,64,61.83
MA,Product 1422,49,72.65
NG,Product 1423,20,53.12
KE,Product 1424,79,3.00
MA,Product 1425,56,95.01
KE,Product 1426,24,96.53
KE,Product 1427,47,82.14
KE,Product 1428,37,79.54
GH,Product 1429,88,98.32
NG,Product 1430,95,35.30
NG,Product 1431,15,39.31
KE,Product 1432,92,78.22
ZA,Product 1433,6,61.00
MA,Product 1434,19,18.53
GH,Product 1435,62,51.97
ZA,Product 1436,28,14.30
ZA,Product 1437,89,22.59
ZA,Product 1438,99,83.83
GH,Product 1439,56,71.38
MA,Product 1440,49,12.45
ZA,Product 1441,11,0.30
KE,Product 1442,78,13.80
GH,Product 1443,1,31.72
MA,Product 1444,61,49.97
GH,Product 1445,60,40.57
ZA,Product 1446,68,14.51
GH,Product 1447,67,61.85
ZA,Product 1448,85,43.03
ZA,Product 1449,5,46.47
ZA,Product 1450,11,11.45
GH,Product 1451,9,67.68
ZA,Product 1452,13,19.91
MA,Product 1453,46,18.82
GH,Product 1454,21,43.84
MA,Product 1455,10,99.67
GH,Product 1456,23,87.78
GH,Product 1457,64,32.93
KE,Product 1458,69,2.90
MA,Product 1459,89,72.06
KE,Product 1460,68,5.69
MA,Product 1461,62,92.46
MA,Product 1462,42,37.62
NG,Product 1463,77,53.30
MA,Product 1464,43,75.00
ZA,Product 1465,34,42.97
GH,Product 1466,68,5.24
GH,Product 1467,47,4.08
NG,Product 1468,62,60.58
MA,Product 1469,68,73.76
GH,Product 1470,94,86.07
GH,Product 1471,22,29.74
GH,Product 1472,88,14.41
ZA,Product 1473,67,47.44
GH,Product 1474,62,97.93
ZA,Product 1475,68,12.52
ZA,Product 1476,20,77.34
NG,Product 1477,27,42.80
MA,Product 1478,61,55.48
KE,Product 1479,46,67.18
KE,Product 1480,87,66.17
ZA,Product 1481,90,27.46
ZA,Product 1482,39,35.59
ZA,Product 1483,36,63.56
ZA,Product 1484,95,6.62
NG,Product 1485,74,44.02
MA,Product 1486,26,63.87
GH,Product 1487,16,83.20
MA,Product 1488,25,82.31
KE,Product 1489,30,82.01
ZA,Product 1490,86,31.25
MA,Product 1491,63,19.15
MA,Product 1492,30,38.01
MA,Product 1493,56,56.21
GH,Product 1494,81,1.87
MA,Product 1495,70,19.90
NG,Product 1496,81,93.98
GH,Product 1497,25,51.36
GH,Product 1498,91,21.75
KE,Product 1499,94,72.46
MA,Product 1500,68,31.97
ZA,Product 1501,35,79.71
NG,Product 1502,91,14.74
KE,Product 1503,3,65.40
MA,Product 1504,92,41.08
NG,Product 1505,42,78.75
MA,Product 1506,3,69.40
MA,Product 1507,93,86.15
NG,Product 1508,50,1.83
NG,Product 1509,2,23.10
NG,Product 1510,19,14.98
KE,Product 1511,60,22.55
ZA,Product 1512,6,17.00
ZA,Product 1513,32,21.62
KE,Product 1514,24,71.76
ZA,Product 1515,19,65.83
NG,Product 1516,69,47.79
KE,Product 1517,73,45.28
NG,Product 1518,91,56.72
GH,Product 1519,45,38.14
KE,Product 1520,43,24.34
MA,Product 1521,7,31.08
GH,Product 1522,39,68.40
MA,Product 1523,59,65.37
GH,Product 1524,64,67.28
ZA,Product 1525,11,15.52
KE,Product 1526,77,92.07
ZA,Product 1527,25,27.75
ZA,Product 1528,13,38.53
NG,Product 1529,48,45.39
NG,Product 1530,69,21.87
MA,Product 1531,69,35.61
ZA,Product 1532,71,27.40
ZA,Product 1533,29,60.54
ZA,Product 1534,10,28.04
GH,Product 1535,58,17.21
MA,Product 1536,74,76.88
ZA,Product 1537,52,71.67
MA,Product 1538,24,27.82
MA,Product 1539,51,36.81
GH,Product 1540,42,80.61
ZA,Product 1541,54,50.16
KE,Product 1542,68,51.69
KE,Product 1543,1,45.53
GH,Product 1544,20,93.49
GH,Product 1545,72,10.09
KE,Product 1546,90,84.48
KE,Product 1547,13,51.93
MA,Product 1548,26,97.46
MA,Product 1549,18,36.96
KE,Product 1550,32,14.53
GH,Product 1551,38,71.09
MA,Product 1552,10,76.46
ZA,Product 1553,58,45.43
NG,Product 1554,45,97.92
GH,Product 1555,60,13.27
MA,Product 1556,20,71.87
KE,Product 1557,80,85.05
MA,Product 1558,80,13.10
ZA,Product 1559,69,19.42
GH,Product 1560,16,63.11
NG,Product 1561,38,1.06
MA,Product 1562,9,62.32
ZA,Product 1563,25,80.12
ZA,Product 1564,61,15.24
GH,Product 1565,6,67.25
ZA,Product 1566,7,6.30
NG,Product 1567,75,31.56
MA,Product 1568,25,95.04
GH,Product 1569,57,70.52
MA,Product 1570,53,95.50
GH,Product 1571,58,51.54
KE,Product 1572,63,82.90
GH,Product 1573,49,15.62
GH,Product 1574,84,26.87
KE,Product 1575,50,50.51
NG,Product 1576,60,90.03
MA,Product 1577,21,98.22
MA,Product 1578,12,26.03
NG,Product 1579,91,47.14
GH,Product 1580,72,78.53
NG,Product 1581,68,92.80
GH,Product 1582,70,95.99
ZA,Product 1583,32,53.87
KE,Product 1584,57,48.68
NG,Product 1585,11,45.08
ZA,Product 1586,50,87.67
NG,Product 1587,27,39.99
GH,Product 1588,17,73.18
MA,Product 1589,73,34.29
GH,Product 1590,79,16.23
MA,Product 1591,6,50.23
ZA,Product 1592,79,56.44
NG,Product 1593,12,33.99
ZA,Product 1594,0,47.06
ZA,Product 1595,53,11.45
ZA,Product 1596,23,24.50
ZA,Product 1597,86,21.11
GH,Product 1598,38,74.06
MA,Product 1599,95,59.57
MA,Product 1600,81,2.25
GH,Product 1601,93,52.95
GH,Product 1602,57,61.54
NG,Product 1603,68,18.90
MA,Product 1604,42,43.37
MA,Product 1605,55,2.88
MA,Product 1606,42,68.42
MA,Product 1607,62,57.14
ZA,Product 1608,77,19.10
KE,Product 1609,50,7.07
KE,Product 1610,57,94.10
GH,Product 1611,53,27.55
GH,Product 1612,92,36.33
ZA,Product 1613,55,37.74
NG,Product 1614,46,5.24
GH,Product 1615,67,16.67
ZA,Product 1616,74,87.12
MA,Product 1617,36,70.42
MA,Product 1618,38,60.06
NG,Product 1619,98,87.50
KE,Product 1620,87,56.45
NG,Product 1621,90,34.87
KE,Product 1622,3,98.81
KE,Product 1623,26,72.54
KE,Product 1624,72,67.00
GH,Product 1625,10,75.93
ZA,Product 1626,51,55.58
NG,Product 1627,41,18.55
NG,Product 1628,99,9.11
ZA,Product 1629,87,79.91
MA,Product 1630,47,41.57
KE,Product 1631,62,13.70
NG,Product 1632,28,48.56
NG,Product 1633,10,18.23
NG,Product 1634,52,89.30
KE,Product 1635,47,73.19
NG,Product 1636,26,53.47
GH,Product 1637,12,25.46
MA,Product 1638,50,81.27
MA,Product 1639,82,84.39
KE,Product 1640,65,6.94
ZA,Product 1641,84,90.30
MA,Product 1642,81,1.75
KE,Product 1643,32,16.69
ZA,Product 1644,85,87.56
KE,Product 1645,33,31.56
ZA,Product 1646,28,15.90
NG,Product 1647,60,32.76
NG,Product 1648,36,48.12
NG,Product 1649,42,61.08
KE,Product 1650,81,59.08
MA,Product 1651,95,27.89
ZA,Product 1652,34,59.78
MA,Product 1653,65,50.00
ZA,Product 1654,27,59.11
GH,Product 1655,35,28.84
ZA,Product 1656,60,48.74
GH,Product 1657,36,80.72
NG,Product 1658,6,72.01
MA,Product 1659,35,57.95
GH,Product 1660,69,19.55
GH,Product 1661,75,18.24
ZA,Product 1662,50,18.33
KE,Product 1663,85,38.18
ZA,Product 1664,19,23.79
ZA,Product 1665,82,17.76
ZA,Product 1666,68,19.04
MA,Product 1667,97,35.03
ZA,Product 1668,89,81.87
ZA,Product 1669,82,6.43
KE,Product 1670,83,91.59
ZA,Product 1671,99,59.27
GH,Product 1672,21,34.12
GH,Product 1673,67,68.14
NG,Product 1674,9,44.92
KE,Product 1675,74,5.10
MA,Product 1676,57,19.72
NG,Product 1677,43,98.03
KE,Product 1678,32,64.90
GH,Product 1679,81,37.39
KE,Product 1680,87,58.31
NG,Product 1681,0,49.04
KE,Product 1682,22,24.68
KE,Product 1683,55,61.06
GH,Product 1684,84,52.85
GH,Product 1685,67,67.87
NG,Product 1686,8,45.96
ZA,Product 1687,59,11.46
KE,Product 1688,47,99.30
KE,Product 1689,61,95.15
GH,Product 1690,57,24.74
MA,Product 1691,61,36.73
MA,Product 1692,87,22.09
MA,Product 1693,46,0.33
ZA,Product 1694,6,48.91
KE,Product 1695,58,20.92
GH,Product 1696,87,47.83
KE,Product 1697,91,39.83
ZA,Product 1698,83,81.61
ZA,Product 1699,31,53.71
NG,Product 1700,18,6.18
GH,Product 1701,89,95.80
KE,Product 1702,18,11.39
KE,Product 1703,16,17.14
KE,Product 1704,87,69.54
ZA,Product 1705,32,56.17
GH,Product 1706,90,42.62
MA,Product 1707,11,1.45
ZA,Product 1708,28,11.20
KE,Product 1709,53,85.82
KE,Product 1710,39,99.94
NG,Product 1711,97,69.13
ZA,Product 1712,14,15.97
GH,Product 1713,50,74.51
NG,Product 1714,81,79.08
ZA,Product 1715,60,74.53
MA,Product 1716,4,46.22
ZA,Product 1717,94,58.82
KE,Product 1718,79,16.11
KE,Product 1719,0,38.99
ZA,Product 1720,75,62.88
NG,Product 1721,16,25.72
KE,Product 1722,67,0.61
NG,Product 1723,90,62.87
ZA,Product 1724,74,92.32
GH,Product 1725,42,27.26
ZA,Product 1726,25,97.21
MA,Product 1727,10,33.95
GH,Product 1728,17,69.87
NG,Product 1729,11,76.98
GH,Product 1730,21,21.09
GH,Product 1731,65,39.87
NG,Product 1732,74,19.62
KE,Product 1733,7,97.72
KE,Product 1734,36,97.68
ZA,Product 1735,75,15.28
KE,Product 1736,17,27.92
ZA,Product 1737,68,68.25
GH,Product 1738,0,40.81
ZA,Product 1739,76,23.59
MA,Product 1740,95,41.84
ZA,Product 1741,83,84.27
NG,Product 1742,59,45.26
GH,Product 1743,28,97.02
NG,Product 1744,56,52.97
MA,Product 1745,80,65.09
KE,Product 1746,87,71.87
MA,Product 1747,98,45.86
KE,Product 1748,41,9.49
GH,Product 1749,65,26.21
GH,Product 1750,36,88.06
MA,Product 1751,40,92.63
KE,Product 1752,32,90.47
GH,Product 1753,43,76.80
MA,Product 1754,81,50.60
MA,Product 1755,94,51.35
KE,Product 1756,34,48.32
MA,Product 1757,55,20.90
NG,Product 1758,83,18.41
KE,Product 1759,90,58.23
MA,Product 1760,70,45.60
ZA,Product 1761,47,16.34
ZA,Product 1762,53,52.38
MA,Product 1763,83,4.30
MA,Product 1764,56,63.89
NG,Product 1765,92,22.24
GH,Product 1766,24,38.48
NG,Product 1767,63,2.61
GH,Product 1768,48,97.18
ZA,Product 1769,51,43.14
NG,Product 1770,90,61.55
NG,Product 1771,54,40.31
GH,Product 1772,10,59.18
KE,Product 1773,98,53.32
MA,Product 1774,2,36.24
NG,Product 1775,4,20.57
MA,Product 1776,29,97.53
ZA,Product 1777,3,54.47
NG,Product 1778,56,56.94
NG,Product 1779,95,50.14
ZA,Product 1780,89,75.32
KE,Product 1781,90,19.51
ZA,Product 1782,40,98.91
ZA,Product 1783,67,92.20
NG,Product 1784,2,85.19
GH,Product 1785,78,23.84
KE,Product 1786,1,69.80
GH,Product 1787,70,37.41
ZA,Product 1788,35,45.81
NG,Product 1789,70,38.69
GH,Product 1790,48,23.11
KE,Product 1791,70,83.61
ZA,Product 1792,46,18.33
NG,Product 1793,45,0.39
ZA,Product 1794,92,18.53
KE,Product 1795,49,16.36
ZA,Product 1796,78,99.51
KE,Product 1797,91,77.57
NG,Product 1798,13,96.56
NG,Product 1799,95,55.60
ZA,Product 1800,76,19.37
NG,Product 1801,87,8.53
ZA,Product 1802,38,46.75
GH,Product 1803,21,82.56
MA,Product 1804,16,4.07
GH,Product 1805,66,13.57
KE,Product 1806,74,33.24
NG,Product 1807,17,25.35
ZA,Product 1808,89,24.94
MA,Product 1809,35,85.24
MA,Product 1810,96,58.09
ZA,Product 1811,7,37.96
KE,Product 1812,23,48.46
ZA,Product 1813,58,49.36
ZA,Product 1814,17,83.89
MA,Product 1815,85,64.54
MA,Product 1816,75,77.23
GH,Product 1817,1,98.29
KE,Product 1818,47,6.80
KE,Product 1819,11,11.05
KE,Product 1820,57,54.98
ZA,Product 1821,72,52.33
MA,Product 1822,60,43.30
GH,Product 1823,0,70.15
NG,Product 1824,9,17.16
NG,Product 1825,1,94.86
ZA,Product 1826,42,2.17
NG,Product 1827,95,53.71
MA,Product 1828,12,45.12
KE,Product 1829,47,24.87
NG,Product 1830,29,53.66
NG,Product 1831,89,56.16
NG,Product 1832,44,90.37
GH,Product 1833,8,49.40
NG,Product 1834,96,34.24
KE,Product 1835,81,33.67
MA,Product 1836,4,2.30
MA,Product 1837,96,3.40
KE,Product 1838,42,17.51
ZA,Product 1839,6,35.78
MA,Product 1840,89,72.96
NG,Product 1841,53,74.14
NG,Product 1842,28,99.98
GH,Product 1843,69,4.60
ZA,Product 1844,30,58.77
GH,Product 1845,23,87.62
NG,Product 1846,7,90.10
KE,Product 1847,78,72.15
GH,Product 1848,70,67.99
KE,Product 1849,62,29.44
ZA,Product 1850,32,59.97
ZA,Product 1851,76,72.82
MA,Product 1852,45,96.81
GH,Product 1853,66,8.77
NG,Product 1854,99,75.92
GH,Product 1855,64,41.95
NG,Product 1856,26,51.85
KE,Product 1857,99,63.70
KE,Product 1858,9,79.70
GH,Product 1859,34,72.41
NG,Product 1860,30,38.58
ZA,Product 1861,47,41.44
NG,Product 1862,9,95.85
ZA,Product 1863,19,19.15
GH,Product 1864,76,93.65
MA,Product 1865,28,8.53
ZA,Product 1866,41,42.30
GH,Product 1867,77,7.04
NG,Product 1868,24,96.70
MA,Product 1869,48,44.94
GH,Product 1870,45,74.60
NG,Product 1871,34,41.99
GH,Product 1872,43,75.12
ZA,Product 1873,24,30.99
MA,Product 1874,45,19.80
ZA,Product 1875,19,69.41
GH,Product 1876,20,91.12
ZA,Product 1877,19,8.79
GH,Product 1878,98,71.55
NG,Product 1879,52,25.77
NG,Product 1880,99,91.65
GH,Product 1881,85,70.77
GH,Product 1882,85,5.33
MA,Product 1883,68,41.02
ZA,Product 1884,63,31.01
ZA,Product 1885,46,82.11
ZA,Product 1886,65,87.70
MA,Product 1887,93,37.65
ZA,Product 1888,5,50.97
NG,Product 1889,54,29.16
ZA,Product 1890,52,43.51
NG,Product 1891,73,3.09
NG,Product 1892,18,30.82
GH,Product 1893,97,25.77
GH,Product 1894,39,80.84
NG,Product 1895,86,4.18
KE,Product 1896,23,72.49
ZA,Product 1897,34,47.16
GH,Product 1898,11,58.86
MA,Product 1899,76,74.63
MA,Product 1900,62,62.24
KE,Product 1901,57,3.28
ZA,Product 1902,95,60.41
MA,Product 1903,61,15.19
MA,Product 1904,28,23.07
KE,Product 1905,69,50.94
KE,Product 1906,90,51.08
GH,Product 1907,24,87.82
NG,Product 1908,85,6.64
GH,Product 1909,84,92.23
ZA,Product 1910,44,72.56
ZA,Product 1911,88,94.62
KE,Product 1912,72,73.09
NG,Product 1913,55,38.64
MA,Product 1914,98,45.93
KE,Product 1915,75,35.44
ZA,Product 1916,12,15.18
GH,Product 1917,80,87.97
ZA,Product 1918,78,44.63
KE,Product 1919,43,34.68
NG,Product 1920,49,82.41
ZA,Product 1921,1,83.52
ZA,Product 1922,7,72.12
NG,Product 1923,26,97.89
GH,Product 1924,80,1.79
ZA,Product 1925,6,4.79
MA,Product 1926,89,52.54
GH,Product 1927,39,90.98
ZA,Product 1928,46,83.20
NG,Product 1929,81,85.64
ZA,Product 1930,31,57.66
NG,Product 1931,8,29.81
KE,Product 1932,43,60.60
KE,Product 1933,17,51.58
KE,Product 1934,46,38.11
GH,Product 1935,84,28.61
NG,Product 1936,66,84.01
MA,Product 1937,7,3.58
GH,Product 1938,7,75.29
GH,Product 1939,2,26.86
NG,Product 1940,90,80.85
NG,Product 1941,1,86.86
NG,Product 1942,56,18.17
NG,Product 1943,8,68.97
ZA,Product 1944,37,28.73
MA,Product 1945,24,81.63
KE,Product 1946,78,21.34
GH,Product 1947,38,91.77
GH,Product 1948,2,97.52
KE,Product 1949,13,60.62
MA,Product 1950,31,49.48
KE,Product 1951,89,90.08
KE,Product 1952,74,52.86
ZA,Product 1953,39,3.89
GH,Product 1954,62,37.46
KE,Product 1955,91,80.14
MA,Product 1956,59,78.64
NG,Product 1957,76,4.53
NG,Product 1958,36,11.13
GH,Product 1959,21,72.00
NG,Product 1960,22,8.04
NG,Product 1961,63,53.73
MA,Product 1962,66,74.22
NG,Product 1963,36,40.54
KE,Product 1964,50,64.33
ZA,Product 1965,59,22.60
KE,Product 1966,18,65.49
ZA,Product 1967,2,73.05
MA,Product 1968,89,12.53
GH,Product 1969,30,61.07
GH,Product 1970,53,42.05
MA,Product 1971,22,89.88
ZA,Product 1972,11,2.55
MA,Product 1973,66,33.93
GH,Product 1974,98,84.48
KE,Product 1975,22,27.31
ZA,Product 1976,84,7.88
MA,Product 1977,7,28.24
GH,Product 1978,83,75.65
GH,Product 1979,60,31.65
NG,Product 1980,61,53.17
MA,Product 1981,83,76.06
NG,Product 1982,85,4.52
NG,Product 1983,34,56.00
NG,Product 1984,6,33.95
GH,Product 1985,21,2.11
NG,Product 1986,48,65.37
GH,Product 1987,9,81.93
ZA,Product 1988,16,58.09
GH,Product 1989,24,64.18
MA,Product 1990,9,53.56
GH,Product 1991,48,4.85
KE,Product 1992,45,94.08
NG,Product 1993,74,51.22
GH,Product 1994,94,96.28
KE,Product 1995,63,83.63
GH,Product 1996,26,55.04
ZA,Product 1997,66,50.78
ZA,Product 1998,41,26.25
KE,Product 1999,50,30.62
MA,Product 2000,52,86.20
NG,Product 2001,75,31.13
MA,Product 2002,7,4.31
ZA,Product 2003,51,56.22
ZA,Product 2004,40,18.08
MA,Product 2005,89,30.88
NG,Product 2006,29,75.77
MA,Product 2007,82,75.96
NG,Product 2008,54,53.32
ZA,Product 2009,74,12.06
NG,Product 2010,87,83.51
GH,Product 2011,14,44.36
KE,Product 2012,40,44.99
KE,Product 2013,34,17.12
GH,Product 2014,4,94.58
KE,Product 2015,81,3.26
GH,Product 2016,25,48.79
ZA,Product 2017,98,64.93
NG,Product 2018,30,27.52
MA,Product 2019,12,32.23
NG,Product 2020,15,87.63
GH,Product 2021,71,98.04
GH,Product 2022,70,96.27
KE,Product 2023,2,32.79
KE,Product 2024,39,88.47
GH,Product 2025,61,15.04
ZA,Product 2026,54,72.66
MA,Product 2027,79,94.61
KE,Product 2028,31,72.80
GH,Product 2029,62,63.68
NG,Product 2030,95,29.77
MA,Product 2031,88,3.52
ZA,Product 2032,25,51.08
KE,Product 2033,37,44.47
ZA,Product 2034,50,52.87
MA,Product 2035,52,3.37
GH,Product 2036,95,58.73
NG,Product 2037,48,37.49
KE,Product 2038,56,93.11
ZA,Product 2039,58,36.29
KE,Product 2040,69,59.75
ZA,Product 2041,75,2.25
ZA,Product 2042,27,27.97
NG,Product 2043,40,82.06
GH,Product 2044,32,90.74
KE,Product 2045,60,30.22
MA,Product 2046,22,46.78
ZA,Product 2047,12,66.61
ZA,Product 2048,91,47.19
NG,Product 2049,9,14.53
NG,Product 2050,35,83.48
MA,Product 2051,11,57.87
MA,Product 2052,99,75.68
MA,Product 2053,75,33.41
GH,Product 2054,21,46.95
ZA,Product 2055,45,48.04
NG,Product 2056,25,18.53
MA,Product 2057,56,29.82
NG,Product 2058,0,60.07
NG,Product 2059,48,30.02
MA,Product 2060,36,27.36
GH,Product 2061,23,89.61
NG,Product 2062,43,28.96
ZA,Product 2063,71,81.40
NG,Product 2064,13,67.44
MA,Product 2065,94,98.01
KE,Product 2066,66,23.88
MA,Product 2067,42,54.01
KE,Product 2068,11,26.90
MA,Product 2069,13,60.59
ZA,Product 2070,93,3.96
ZA,Product 2071,42,67.19
ZA,Product 2072,84,12.17
MA,Product 2073,90,79.41
GH,Product 2074,28,92.86
GH,Product 2075,29,44.44
NG,Product 2076,80,44.82
GH,Product 2077,87,20.74
GH,Product 2078,26,57.01
GH,Product 2079,40,76.87
ZA,Product 2080,20,15.44
ZA,Product 2081,41,98.05
KE,Product 2082,21,89.94
NG,Product 2083,78,15.32
NG,Product 2084,38,85.62
NG,Product 2085,25,99.85
MA,Product 2086,9,75.73
MA,Product 2087,86,74.32
KE,Product 2088,59,98.73
NG,Product 2089,25,98.53
KE,Product 2090,24,47.83
GH,Product 2091,54,19.43
GH,Product 2092,5,56.83
ZA,Product 2093,93,68.21
GH,Product 2094,42,3.50
GH,Product 2095,60,74.75
MA,Product 2096,49,79.73
KE,Product 2097,43,98.31
ZA,Product 2098,57,66.81
KE,Product 2099,16,88.13
MA,Product 2100,87,92.66
MA,Product 2101,92,91.88
NG,Product 2102,60,95.82
NG,Product 2103,85,31.24
GH,Product 2104,16,48.49
ZA,Product 2105,22,0.86
MA,Product 2106,25,66.14
KE,Product 2107,26,19.38
NG,Product 2108,0,44.83
ZA,Product 2109,4,48.64
MA,Product 2110,44,54.36
GH,Product 2111,46,62.25
MA,Product 2112,79,16.43
ZA,Product 2113,53,97.00
MA,Product 2114,55,55.75
MA,Product 2115,39,42.21
NG,Product 2116,63,90.76
ZA,Product 2117,50,26.65
KE,Product 2118,66,22.69
KE,Product 2119,24,31.46
KE,Product 2120,81,8.95
NG,Product 2121,3,82.24
MA,Product 2122,2,49.59
NG,Product 2123,11,99.48
NG,Product 2124,86,87.65
ZA,Product 2125,14,82.76
NG,Product 2126,42,45.83
KE,Product 2127,50,19.49
KE,Product 2128,78,22.76
KE,Product 2129,24,36.13
KE,Product 2130,27,3.30
GH,Product 2131,38,83.54
GH,Product 2132,97,48.38
ZA,Product 2133,78,88.32
MA,Product 2134,53,34.77
MA,Product 2135,62,83.24
KE,Product 2136,65,82.69
MA,Product 2137,31,84.59
NG,Product 2138,14,62.19
MA,Product 2139,59,34.85
ZA,Product 2140,34,98.90
MA,Product 2141,27,42.34
NG,Product 2142,40,54.14
MA,Product 2143,83,58.52
NG,Product 2144,97,15.99
MA,Product 2145,4,13.74
NG,Product 2146,1,50.77
KE,Product 2147,56,84.89
ZA,Product 2148,62,74.32
NG,Product 2149,50,76.79
GH,Product 2150,65,47.90
GH,Product 2151,82,46.65
KE,Product 2152,24,15.48
MA,Product 2153,11,44.56
GH,Product 2154,43,60.55
ZA,Product 2155,31,87.06
ZA,Product 2156,42,85.19
ZA,Product 2157,64,65.90
MA,Product 2158,79,84.66
GH,Product 2159,54,18.38
GH,Product 2160,15,99.79
GH,Product 2161,8,57.78
KE,Product 2162,83,59.78
KE,Product 2163,72,20.98
GH,Product 2164,99,0.29
ZA,Product 2165,53,87.89
ZA,Product 2166,24,52.99
GH,Product 2167,84,64.26
GH,Product 2168,92,12.63
GH,Product 2169,64,1.06
MA,Product 2170,52,13.58
ZA,Product 2171,84,61.12
NG,Product 2172,82,57.24
NG,Product 2173,89,54.48
GH,Product 2174,14,18.22
NG,Product 2175,52,38.14
KE,Product 2176,13,20.28
NG,Product 2177,31,23.39
GH,Product 2178,42,21.16
NG,Product 2179,57,6.31
MA,Product 2180,48,17.03
GH,Product 2181,45,99.13
GH,Product 2182,1,10.41
KE,Product 2183,22,43.22
MA,Product 2184,82,22.49
ZA,Product 2185,26,35.13
GH,Product 2186,54,86.11
GH,Product 2187,59,95.97
ZA,Product 2188,54,66.20
MA,Product 2189,84,15.94
KE,Product 2190,15,11.29
MA,Product 2191,50,26.41
KE,Product 2192,95,2.44
KE,Product 2193,78,54.69
GH,Product 2194,49,29.58
KE,Product 2195,65,96.20
GH,Product 2196,25,18.13
ZA,Product 2197,60,65.24
KE,Product 2198,77,82.37
MA,Product 2199,1,87.38
GH,Product 2200,97,87.91
KE,Product 2201,85,53.60
GH,Product 2202,6,51.14
MA,Product 2203,76,98.78
KE,Product 2204,74,44.32
NG,Product 2205,7,92.12
GH,Product 2206,46,33.87
KE,Product 2207,58,47.66
GH,Product 2208,89,76.62
ZA,Product 2209,74,15.16
ZA,Product 2210,41,12.86
GH,Product 2211,71,97.03
NG,Product 2212,72,43.03
NG,Product 2213,86,63.80
NG,Product 2214,22,5.50
GH,Product 2215,89,89.29
GH,Product 2216,40,18.76
MA,Product 2217,78,87.61
KE,Product 2218,0,93.69
NG,Product 2219,34,33.04
GH,Product 2220,94,22.48
NG,Product 2221,77,73.39
GH,Product 2222,91,73.55
ZA,Product 2223,30,6.68
ZA,Product 2224,7,72.79
KE,Product 2225,97,58.47
GH,Product 2226,68,39.24
MA,Product 2227,65,83.04
ZA,Product 2228,54,19.65
MA,Product 2229,95,96.85
NG,Product 2230,86,19.16
GH,Product 2231,86,88.46
NG,Product 2232,30,22.61
NG,Product 2233,47,71.70
NG,Product 2234,17,87.69
KE,Product 2235,45,0.46
GH,Product 2236,6,26.90
NG,Product 2237,66,48.66
ZA,Product 2238,39,35.54
GH,Product 2239,57,37.06
ZA,Product 2240,81,66.14
NG,Product 2241,70,43.40
ZA,Product 2242,52,79.52
KE,Product 2243,15,58.65
GH,Product 2244,50,66.88
KE,Product 2245,88,72.80
GH,Product 2246,14,19.90
ZA,Product 2247,83,96.62
ZA,Product 2248,4,31.54
GH,Product 2249,84,8.64
NG,Product 2250,4,87.34
ZA,Product 2251,4,37.97
NG,Product 2252,51,91.26
NG,Product 2253,60,29.39
NG,Product 2254,39,13.74
KE,Product 2255,25,12.91
GH,Product 2256,9,36.68
KE,Product 2257,7,65.73
NG,Product 2258,79,52.15
MA,Product 2259,32,50.72
ZA,Product 2260,7,14.41
KE,Product 2261,40,27.39
MA,Product 2262,93,7.49
ZA,Product 2263,82,38.89
MA,Product 2264,61,83.11
NG,Product 2265,86,56.21
ZA,Product 2266,13,71.12
NG,Product 2267,27,80.76
ZA,Product 2268,77,62.22
NG,Product 2269,44,62.23
GH,Product 2270,54,27.05
MA,Product 2271,23,60.28
GH,Product 2272,22,9.15
GH,Product 2273,88,24.52
ZA,Product 2274,98,51.26
MA,Product 2275,57,21.06
MA,Product 2276,53,17.20
GH,Product 2277,5,45.78
KE,Product 2278,28,23.22
GH,Product 2279,48,66.25
NG,Product 2280,71,18.83
MA,Product 2281,47,5.34
GH,Product 2282,85,98.23
NG,Product 2283,72,98.62
MA,Product 2284,78,83.87
KE,Product 2285,93,10.76
GH,Product 2286,23,71.85
ZA,Product 2287,39,54.82
MA,Product 2288,40,39.93
NG,Product 2289,93,63.13
GH,Product 2290,7,21.43
ZA,Product 2291,6,59.66
ZA,Product 2292,38,64.42
GH,Product 2293,93,20.41
NG,Product 2294,44,96.75
ZA,Product 2295,24,23.40
NG,Product 2296,51,96.03
ZA,Product 2297,45,39.87
KE,Product 2298,93,97.00
NG,Product 2299,58,67.01
KE,Product 2300,55,76.53
GH,Product 2301,57,82.00
NG,Product 2302,97,38.71
GH,Product 2303,37,78.23
GH,Product 2304,65,61.51
NG,Product 2305,16,72.36
NG,Product 2306,20,23.29
GH,Product 2307,99,38.67
GH,Product 2308,89,17.58
NG,Product 2309,76,47.30
ZA,Product 2310,45,60.34
ZA,Product 2311,79,48.38
KE,Product 2312,81,90.59
GH,Product 2313,72,63.77
ZA,Product 2314,32,58.65
KE,Product 2315,85,76.17
KE,Product 2316,13,70.64
KE,Product 2317,78,66.22
ZA,Product 2318,19,14.62
GH,Product 2319,82,19.45
GH,Product 2320,83,28.57
MA,Product 2321,56,75.76
MA,Product 2322,86,79.86
ZA,Product 2323,8,85.74
MA,Product 2324,11,82.10
ZA,Product 2325,93,41.21
GH,Product 2326,52,83.01
KE,Product 2327,68,76.41
GH,Product 2328,57,82.77
GH,Product 2329,85,18.99
KE,Product 2330,72,2.81
MA,Product 2331,70,40.58
MA,Product 2332,43,33.82
KE,Product 2333,36,16.35
MA,Product 2334,42,88.62
ZA,Product 2335,41,16.71
GH,Product 2336,18,89.35
KE,Product 2337,88,13.32
NG,Product 2338,61,41.72
MA,Product 2339,64,59.45
ZA,Product 2340,96,56.46
ZA,Product 2341,83,67.14
MA,Product 2342,38,77.62
KE,Product 2343,89,48.66
KE,Product 2344,54,39.03
GH,Product 2345,18,7.95
NG,Product 2346,45,64.54
MA,Product 2347,0,72.32
GH,Product 2348,73,34.80
KE,Product 2349,45,14.99
NG,Product 2350,47,66.57
ZA,Product 2351,51,92.36
GH,Product 2352,56,23.62
GH,Product 2353,4,65.08
NG,Product 2354,10,0.63
KE,Product 2355,0,58.96
NG,Product 2356,54,27.93
NG,Product 2357,50,61.61
MA,Product 2358,42,20.93
NG,Product 2359,3,99.54
NG,Product 2360,74,82.40
KE,Product 2361,45,35.35
KE,Product 2362,94,54.10
GH,Product 2363,56,35.51
KE,Product 2364,45,22.20
GH,Product 2365,35,71.41
KE,Product 2366,57,45.70
MA,Product 2367,49,96.00
MA,Product 2368,80,75.19
NG,Product 2369,73,11.15
MA,Product 2370,39,9.00
KE,Product 2371,47,82.44
KE,Product 2372,99,48.17
KE,Product 2373,44,82.92
ZA,Product 2374,90,5.97
NG,Product 2375,47,93.88
GH,Product 2376,74,17.03
NG,Product 2377,86,8.16
ZA,Product 2378,70,46.51
KE,Product 2379,5,4.38
NG,Product 2380,91,15.47
GH,Product 2381,56,62.21
GH,Product 2382,13,5.95
ZA,Product 2383,10,58.27
GH,Product 2384,8,48.75
MA,Product 2385,99,36.36
MA,Product 2386,89,0.58
MA,Product 2387,71,56.53
NG,Product 2388,65,39.28
GH,Product 2389,49,82.80
MA,Product 2390,39,37.65
NG,Product 2391,61,29.26
KE,Product 2392,43,71.54
KE,Product 2393,81,65.45
NG,Product 2394,37,99.13
NG,Product 2395,54,24.61
KE,Product 2396,15,93.76
GH,Product 2397,59,46.66
KE,Product 2398,94,36.86
KE,Product 2399,49,12.36
KE,Product 2400,18,15.59
GH,Product 2401,28,7.88
GH,Product 2402,30,49.43
KE,Product 2403,75,38.18
NG,Product 2404,55,81.02
GH,Product 2405,13,3.11
KE,Product 2406,19,52.62
KE,Product 2407,91,52.97
GH,Product 2408,59,88.24
GH,Product 2409,91,49.71
GH,Product 2410,59,2.79
MA,Product 2411,63,16.48
ZA,Product 2412,21,56.87
MA,Product 2413,99,93.77
NG,Product 2414,80,49.25
ZA,Product 2415,22,65.78
GH,Product 2416,4,51.72
NG,Product 2417,18,32.57
MA,Product 2418,18,85.46
MA,Product 2419,3,17.29
MA,Product 2420,23,69.27
NG,Product 2421,47,39.37
ZA,Product 2422,97,57.12
MA,Product 2423,91,48.46
GH,Product 2424,56,67.32
MA,Product 2425,49,72.30
MA,Product 2426,18,19.12
KE,Product 2427,52,27.77
GH,Product 2428,58,8.78
KE,Product 2429,47,64.82
GH,Product 2430,87,9.68
ZA,Product 2431,54,48.57
NG,Product 2432,16,61.16
NG,Product 2433,9,85.55
KE,Product 2434,85,95.07
KE,Product 2435,8,78.86
KE,Product 2436,77,81.00
MA,Product 2437,67,34.51
NG,Product 2438,86,66.63
KE,Product 2439,26,99.95
NG,Product 2440,61,96.56
ZA,Product 2441,98,24.74
ZA,Product 2442,96,10.81
GH,Product 2443,87,11.37
NG,Product 2444,76,80.12
ZA,Product 2445,49,17.77
ZA,Product 2446,55,36.35
MA,Product 2447,45,91.21
NG,Product 2448,74,23.98
ZA,Product 2449,87,61.72
KE,Product 2450,13,58.48
ZA,Product 2451,91,62.66
NG,Product 2452,53,52.13
MA,Product 2453,48,2.50
KE,Product 2454,87,85.75
MA,Product 2455,53,7.32
NG,Product 2456,18,99.07
ZA,Product 2457,16,23.17
ZA,Product 2458,28,58.18
KE,Product 2459,90,90.80
ZA,Product 2460,82,64.40
MA,Product 2461,43,79.45
MA,Product 2462,36,68.56
NG,Product 2463,33,31.65
NG,Product 2464,77,21.28
GH,Product 2465,41,99.49
NG,Product 2466,23,91.08
MA,Product 2467,8,44.37
MA,Product 2468,53,92.41
ZA,Product 2469,91,56.35
NG,Product 2470,57,92.41
KE,Product 2471,29,32.47
ZA,Product 2472,78,7.35
KE,Product 2473,67,97.02
KE,Product 2474,20,27.83
GH,Product 2475,33,44.94
ZA,Product 2476,4,65.32
KE,Product 2477,20,67.52
NG,Product 2478,17,65.15
GH,Product 2479,52,15.71
GH,Product 2480,70,71.88
ZA,Product 2481,30,19.72
GH,Product 2482,64,35.19
MA,Product 2483,65,62.03
MA,Product 2484,81,92.22
MA,Product 2485,90,46.51
NG,Product 2486,33,86.60
MA,Product 2487,75,3.09
GH,Product 2488,15,55.52
ZA,Product 2489,76,87.79
KE,Product 2490,95,49.13
MA,Product 2491,21,63.62
KE,Product 2492,93,51.52
NG,Product 2493,96,59.11
GH,Product 2494,51,63.51
NG,Product 2495,53,56.37
NG,Product 2496,30,74.16
MA,Product 2497,57,91.33
KE,Product 2498,24,22.04
GH,Product 2499,97,52.34
KE,Product 2500,29,89.46
ZA,Product 2501,26,77.68
ZA,Product 2502,18,21.06
MA,Product 2503,36,16.51
GH,Product 2504,67,84.19
ZA,Product 2505,61,59.06
ZA,Product 2506,99,60.12
NG,Product 2507,54,97.86
GH,Product 2508,15,69.15
ZA,Product 2509,75,17.04
NG,Product 2510,6,80.34
NG,Product 2511,18,65.17
KE,Product 2512,40,34.55
MA,Product 2513,27,53.11
KE,Product 2514,72,51.38
MA,Product 2515,35,69.92
MA,Product 2516,5,98.95
NG,Product 2517,39,97.22
MA,Product 2518,6,50.05
NG,Product 2519,43,34.25
GH,Product 2520,17,37.59
ZA,Product 2521,21,28.66
MA,Product 2522,70,74.53
ZA,Product 2523,82,3.03
ZA,Product 2524,47,51.45
MA,Product 2525,90,1.20
MA,Product 2526,45,20.44
KE,Product 2527,54,16.87
KE,Product 2528,5,92.87
KE,Product 2529,96,95.55
ZA,Product 2530,28,53.48
NG,Product 2531,47,48.81
MA,Product 2532,19,11.25
GH,Product 2533,68,95.66
MA,Product 2534,56,30.92
MA,Product 2535,46,98.24
ZA,Product 2536,87,19.51
ZA,Product 2537,9,19.88
NG,Product 2538,17,68.71
GH,Product 2539,65,81.75
KE,Product 2540,53,1.62
KE,Product 2541,99,17.38
GH,Product 2542,20,14.92
MA,Product 2543,76,89.17
ZA,Product 2544,99,11.37
MA,Product 2545,81,18.76
MA,Product 2546,77,50.24
ZA,Product 2547,43,57.94
MA,Product 2548,46,10.59
KE,Product 2549,63,93.61
KE,Product 2550,40,49.00
ZA,Product 2551,67,20.88
NG,Product 2552,70,0.07
ZA,Product 2553,58,12.61
NG,Product 2554,12,14.65
NG,Product 2555,90,34.44
MA,Product 2556,99,83.62
NG,Product 2557,56,0.32
ZA,Product 2558,36,36.77
KE,Product 2559,40,10.24
ZA,Product 2560,84,17.00
KE,Product 2561,94,38.49
MA,Product 2562,18,34.76
NG,Product 2563,39,18.78
NG,Product 2564,79,89.75
NG,Product 2565,12,64.79
NG,Product 2566,70,99.42
KE,Product 2567,48,97.42
NG,Product 2568,35,4.08
NG,Product 2569,8,71.74
GH,Product 2570,84,77.65
MA,Product 2571,83,11.02
ZA,Product 2572,25,37.07
MA,Product 2573,76,87.74
MA,Product 2574,44,18.21
MA,Product 2575,37,21.63
MA,Product 2576,95,6.20
MA,Product 2577,12,3.83
ZA,Product 2578,20,1.28
NG,Product 2579,39,2.83
KE,Product 2580,20,84.17
ZA,Product 2581,70,76.65
MA,Product 2582,17,79.80
NG,Product 2583,60,37.64
MA,Product 2584,62,96.74
GH,Product 2585,78,73.76
MA,Product 2586,60,76.09
GH,Product 2587,77,11.83
ZA,Product 2588,24,42.67
NG,Product 2589,6,42.34
GH,Product 2590,33,95.60
GH,Product 2591,40,65.28
GH,Product 2592,86,40.11
ZA,Product 2593,8,19.86
ZA,Product 2594,8,16.08
NG,Product 2595,46,35.35
GH,Product 2596,58,28.47
GH,Product 2597,43,10.44
GH,Product 2598,96,82.43
KE,Product 2599,21,80.97
KE,Product 2600,58,56.63
KE,Product 2601,0,77.57
NG,Product 2602,33,75.33
GH,Product 2603,72,64.61
ZA,Product 2604,75,87.49
GH,Product 2605,41,1.45
ZA,Product 2606,82,80.51
NG,Product 2607,18,42.81
GH,Product 2608,94,84.01
GH,Product 2609,3,89.97
NG,Product 2610,43,26.44
ZA,Product 2611,61,78.34
ZA,Product 2612,7,10.77
MA,Product 2613,27,59.48
NG,Product 2614,70,38.63
ZA,Product 2615,16,74.97
GH,Product 2616,89,54.06
NG,Product 2617,62,46.55
KE,Product 2618,35,79.78
KE,Product 2619,81,16.23
NG,Product 2620,71,5.73
ZA,Product 2621,88,7.09
MA,Product 2622,65,83.60
GH,Product 2623,66,14.53
KE,Product 2624,3,33.85
MA,Product 2625,89,67.26
KE,Product 2626,39,47.98
GH,Product 2627,43,43.48
ZA,Product 2628,81,15.35
NG,Product 2629,2,49.62
KE,Product 2630,89,95.74
NG,Product 2631,55,58.56
KE,Product 2632,70,37.07
ZA,Product 2633,61,25.01
NG,Product 2634,55,21.83
GH,Product 2635,12,36.84
MA,Product 2636,33,59.00
GH,Product 2637,62,87.10
GH,Product 2638,98,62.17
KE,Product 2639,80,84.24
ZA,Product 2640,45,75.15
GH,Product 2641,71,52.48
GH,Product 2642,38,8.03
MA,Product 2643,33,91.39
MA,Product 2644,51,20.95
NG,Product 2645,8,94.94
GH,Product 2646,47,31.51
ZA,Product 2647,22,32.49
KE,Product 2648,0,33.42
NG,Product 2649,80,36.70
MA,Product 2650,95,57.83
GH,Product 2651,72,24.34
MA,Product 2652,47,83.88
MA,Product 2653,41,64.45
NG,Product 2654,1,24.59
ZA,Product 2655,3,47.55
MA,Product 2656,33,55.09
KE,Product 2657,52,66.46
KE,Product 2658,88,32.58
NG,Product 2659,51,52.93
KE,Product 2660,72,42.00
NG,Product 2661,72,44.64
NG,Product 2662,66,29.39
GH,Product 2663,20,61.81
GH,Product 2664,46,86.00
NG,Product 2665,39,23.47
MA,Product 2666,54,77.14
ZA,Product 2667,41,91.91
GH,Product 2668,63,37.39
KE,Product 2669,72,68.95
GH,Product 2670,1,42.28
MA,Product 2671,92,5.85
NG,Product 2672,36,82.57
GH,Product 2673,91,74.57
NG,Product 2674,55,69.66
NG,Product 2675,85,16.36
ZA,Product 2676,40,97.87
GH,Product 2677,44,44.60
ZA,Product 2678,96,23.59
ZA,Product 2679,74,94.25
NG,Product 2680,25,41.63
NG,Product 2681,58,88.49
ZA,Product 2682,74,27.18
MA,Product 2683,93,6.98
NG,Product 2684,61,8.87
GH,Product 2685,58,66.15
GH,Product 2686,50,12.66
GH,Product 2687,52,29.20
KE,Product 2688,88,99.54
NG,Product 2689,61,54.20
NG,Product 2690,71,10.42
NG,Product 2691,81,22.54
NG,Product 2692,34,96.57
KE,Product 2693,17,72.72
ZA,Product 2694,78,20.49
GH,Product 2695,6,51.75
GH,Product 2696,99,37.59
KE,Product 2697,36,50.26
NG,Product 2698,8,41.52
NG,Product 2699,15,99.56
GH,Product 2700,16,12.11
GH,Product 2701,96,63.74
NG,Product 2702,31,0.70
GH,Product 2703,75,71.01
NG,Product 2704,10,76.23
KE,Product 2705,64,71.28
NG,Product 2706,22,68.84
MA,Product 2707,81,53.79
NG,Product 2708,18,26.20
KE,Product 2709,78,23.35
NG,Product 2710,45,99.05
NG,Product 2711,35,0.45
NG,Product 2712,47,68.21
MA,Product 2713,93,28.16
NG,Product 2714,64,90.99
MA,Product 2715,32,0.55
GH,Product 2716,10,12.97
MA,Product 2717,7,10.19
NG,Product 2718,14,60.10
NG,Product 2719,72,17.57
GH,Product 2720,13,83.94
ZA,Product 2721,92,76.03
KE,Product 2722,17,71.40
NG,Product 2723,80,14.21
KE,Product 2724,94,87.40
KE,Product 2725,48,76.58
ZA,Product 2726,33,6.04
MA,Product 2727,91,90.82
MA,Product 2728,62,55.46
ZA,Product 2729,81,73.03
GH,Product 2730,51,97.85
NG,Product 2731,31,96.88
ZA,Product 2732,70,45.43
GH,Product 2733,61,31.06
GH,Product 2734,87,75.29
ZA,Product 2735,57,89.01
MA,Product 2736,55,2.45
KE,Product 2737,35,14.13
KE,Product 2738,12,87.06
ZA,Product 2739,82,15.71
KE,Product 2740,71,94.42
KE,Product 2741,76,12.92
NG,Product 2742,72,78.00
GH,Product 2743,19,12.88
MA,Product 2744,6,69.07
ZA,Product 2745,13,13.83
ZA,Product 2746,44,58.21
MA,Product 2747,32,55.26
NG,Product 2748,61,34.33
GH,Product 2749,55,12.32
NG,Product 2750,67,88.35
KE,Product 2751,58,46.45
MA,Product 2752,22,89.61
ZA,Product 2753,2,99.29
ZA,Product 2754,29,3.21
KE,Product 2755,55,84.02
NG,Product 2756,13,83.99
KE,Product 2757,19,77.03
MA,Product 2758,91,9.55
KE,Product 2759,40,25.02
NG,Product 2760,67,9.77
ZA,Product 2761,77,91.16
NG,Product 2762,70,40.66
GH,Product 2763,37,56.63
GH,Product 2764,97,43.00
NG,Product 2765,76,11.71
NG,Product 2766,87,29.25
NG,Product 2767,48,92.37
ZA,Product 2768,46,76.95
NG,Product 2769,2,39.32
MA,Product 2770,69,53.83
ZA,Product 2771,69,23.90
GH,Product 2772,61,84.30
ZA,Product 2773,85,37.60
GH,Product 2774,6,82.93
NG,Product 2775,54,9.85
MA,Product 2776,7,19.95
KE,Product 2777,10,24.78
ZA,Product 2778,51,50.25
ZA,Product 2779,48,72.26
NG,Product 2780,59,93.75
NG,Product 2781,64,42.03
ZA,Product 2782,28,46.76
MA,Product 2783,2,30.75
GH,Product 2784,20,62.84
GH,Product 2785,67,77.72
ZA,Product 2786,88,92.36
KE,Product 2787,91,36.31
ZA,Product 2788,87,30.51
NG,Product 2789,67,0.93
GH,Product 2790,90,40.51
NG,Product 2791,53,85.49
NG,Product 2792,18,40.34
GH,Product 2793,88,24.23
KE,Product 2794,60,15.13
ZA,Product 2795,38,5.12
MA,Product 2796,93,82.79
KE,Product 2797,56,91.61
NG,Product 2798,87,55.01
ZA,Product 2799,96,70.18
NG,Product 2800,32,61.98
NG,Product 2801,33,77.55
MA,Product 2802,51,72.86
KE,Product 2803,82,19.68
GH,Product 2804,51,13.41
GH,Product 2805,92,9.02
GH,Product 2806,51,38.09
GH,Product 2807,36,46.59
ZA,Product 2808,77,29.64
NG,Product 2809,49,22.07
NG,Product 2810,61,13.45
NG,Product 2811,63,30.27
GH,Product 2812,37,18.27
NG,Product 2813,43,39.58
GH,Product 2814,19,38.66
GH,Product 2815,88,85.27
MA,Product 2816,72,30.59
MA,Product 2817,15,1.60
MA,Product 2818,11,41.06
KE,Product 2819,36,36.30
NG,Product 2820,66,42.19
KE,Product 2821,57,40.76
KE,Product 2822,90,99.74
KE,Product 2823,54,64.12
ZA,Product 2824,48,48.66
MA,Product 2825,39,3.44
NG,Product 2826,54,71.74
ZA,Product 2827,27,24.87
ZA,Product 2828,98,56.44
GH,Product 2829,11,50.66
KE,Product 2830,57,38.22
MA,Product 2831,67,25.41
NG,Product 2832,51,2.77
NG,Product 2833,35,68.43
NG,Product 2834,84,95.25
NG,Product 2835,92,15.04
NG,Product 2836,34,26.28
MA,Product 2837,93,18.64
GH,Product 2838,16,38.83
NG,Product 2839,60,64.78
MA,Product 2840,10,96.16
NG,Product 2841,58,37.06
ZA,Product 2842,21,40.77
GH,Product 2843,49,36.09
NG,Product 2844,73,37.78
KE,Product 2845,47,13.82
ZA,Product 2846,60,53.40
ZA,Product 2847,13,28.28
GH,Product 2848,72,29.59
KE,Product 2849,68,26.02
ZA,Product 2850,52,38.86
MA,Product 2851,42,23.82
KE,Product 2852,21,64.28
KE,Product 2853,88,49.55
NG,Product 2854,89,73.54
NG,Product 2855,37,31.42
NG,Product 2856,29,78.41
KE,Product 2857,33,14.32
MA,Product 2858,28,95.79
MA,Product 2859,6,47.40
MA,Product 2860,20,36.58
KE,Product 2861,60,6.30
ZA,Product 2862,80,15.59
ZA,Product 2863,63,12.60
ZA,Product 2864,39,37.51
NG,Product 2865,61,72.24
ZA,Product 2866,84,14.76
MA,Product 2867,62,33.42
KE,Product 2868,55,27.75
GH,Product 2869,33,41.94
MA,Product 2870,81,63.35
NG,Product 2871,51,91.85
ZA,Product 2872,16,23.50
ZA,Product 2873,37,90.88
MA,Product 2874,86,3.42
KE,Product 2875,59,73.73
KE,Product 2876,17,66.51
KE,Product 2877,90,2.24
NG,Product 2878,26,85.02
GH,Product 2879,1,11.04
NG,Product 2880,0,1.58
GH,Product 2881,72,53.06
MA,Product 2882,35,33.03
MA,Product 2883,39,15.77
KE,Product 2884,69,76.59
ZA,Product 2885,85,44.33
KE,Product 2886,16,68.66
GH,Product 2887,81,88.20
NG,Product 2888,19,29.50
MA,Product 2889,95,34.22
GH,Product 2890,64,3.96
NG,Product 2891,99,36.04
ZA,Product 2892,82,22.19
GH,Product 2893,42,99.01
NG,Product 2894,61,48.94
MA,Product 2895,17,20.92
KE,Product 2896,79,77.28
GH,Product 2897,32,85.42
KE,Product 2898,76,94.44
GH,Product 2899,16,42.77
ZA,Product 2900,41,15.82
ZA,Product 2901,52,18.78
ZA,Product 2902,46,56.91
MA,Product 2903,16,52.74
ZA,Product 2904,47,86.02
KE,Product 2905,63,9.29
ZA,Product 2906,56,60.01
ZA,Product 2907,55,99.28
NG,Product 2908,72,30.94
MA,Product 2909,10,64.17
NG,Product 2910,52,84.33
MA,Product 2911,67,20.34
NG,Product 2912,6,54.19
KE,Product 2913,85,43.40
KE,Product 2914,57,6.22
NG,Product 2915,76,18.65
MA,Product 2916,80,72.59
NG,Product 2917,22,60.88
GH,Product 2918,59,70.56
GH,Product 2919,7,26.74
ZA,Product 2920,94,0.74
KE,Product 2921,68,2.25
MA,Product 2922,92,50.90
MA,Product 2923,40,10.25
NG,Product 2924,79,11.17
NG,Product 2925,77,10.99
ZA,Product 2926,8,6.43
ZA,Product 2927,67,53.28
KE,Product 2928,61,0.13
NG,Product 2929,57,29.82
KE,Product 2930,11,31.75
NG,Product 2931,3,52.17
ZA,Product 2932,35,14.16
GH,Product 2933,13,75.18
NG,Product 2934,95,19.83
NG,Product 2935,28,46.07
KE,Product 2936,75,66.59
KE,Product 2937,53,36.61
GH,Product 2938,43,79.56
NG,Product 2939,89,95.81
NG,Product 2940,26,15.33
ZA,Product 2941,30,2.09
KE,Product 2942,49,65.78
MA,Product 2943,56,39.30
GH,Product 2944,70,32.01
GH,Product 2945,22,84.02
ZA,Product 2946,30,16.45
KE,Product 2947,83,51.13
MA,Product 2948,89,93.31
KE,Product 2949,51,84.79
GH,Product 2950,58,99.77
NG,Product 2951,77,36.44
NG,Product 2952,16,53.71
MA,Product 2953,15,29.75
ZA,Product 2954,70,68.51
ZA,Product 2955,37,92.82
KE,Product 2956,25,41.17
ZA,Product 2957,66,28.76
GH,Product 2958,67,58.93
KE,Product 2959,99,9.05
GH,Product 2960,30,44.37
MA,Product 2961,43,41.32
MA,Product 2962,78,3.59
NG,Product 2963,44,97.02
ZA,Product 2964,89,44.46
NG,Product 2965,18,72.19
KE,Product 2966,28,30.07
KE,Product 2967,80,59.83
NG,Product 2968,13,94.88
NG,Product 2969,23,65.07
NG,Product 2970,42,9.60
MA,Product 2971,2,72.44
ZA,Product 2972,44,89.66
KE,Product 2973,12,96.33
MA,Product 2974,76,39.86
NG,Product 2975,21,52.38
KE,Product 2976,80,51.60
NG,Product 2977,91,80.89
ZA,Product 2978,66,26.53
ZA,Product 2979,91,64.65
KE,Product 2980,25,21.78
KE,Product 2981,56,52.33
NG,Product 2982,95,8.64
NG,Product 2983,27,61.68
MA,Product 2984,96,47.90
ZA,Product 2985,66,84.54
KE,Product 2986,94,56.47
MA,Product 2987,68,53.44
ZA,Product 2988,94,88.13
KE,Product 2989,72,67.70
KE,Product 2990,45,99.98
ZA,Product 2991,78,36.05
ZA,Product 2992,64,20.70
ZA,Product 2993,7,63.65
KE,Product 2994,26,25.20
ZA,Product 2995,54,42.18
NG,Product 2996,2,75.83
NG,Product 2997,79,69.62
ZA,Product 2998,16,52.22
NG,Product 2999,44,48.83
GH,Product 3000,29,34.85
NG,Product 3001,97,71.67
KE,Product 3002,18,15.71
KE,Product 3003,60,45.87
ZA,Product 3004,68,8.64
NG,Product 3005,36,65.05
ZA,Product 3006,47,51.75
GH,Product 3007,90,1.16
ZA,Product 3008,45,25.51
KE,Product 3009,56,37.54
NG,Product 3010,74,1.98
ZA,Product 3011,95,31.06
KE,Product 3012,92,22.75
MA,Product 3013,3,5.03
KE,Product 3014,4,51.16
GH,Product 3015,74,85.80
KE,Product 3016,65,48.98
ZA,Product 3017,56,68.16
NG,Product 3018,37,26.41
KE,Product 3019,29,37.64
KE,Product 3020,91,32.26
KE,Product 3021,19,86.05
KE,Product 3022,63,73.86
NG,Product 3023,36,89.30
ZA,Product 3024,19,14.46
NG,Product 3025,53,99.69
ZA,Product 3026,31,15.22
NG,Product 3027,90,33.99
ZA,Product 3028,89,57.78
MA,Product 3029,47,24.73
ZA,Product 3030,53,60.29
KE,Product 3031,28,4.07
ZA,Product 3032,18,84.30
MA,Product 3033,93,29.84
KE,Product 3034,8,26.71
GH,Product 3035,80,40.91
KE,Product 3036,69,67.86
GH,Product 3037,57,76.34
MA,Product 3038,87,63.85
KE,Product 3039,32,36.51
KE,Product 3040,11,91.40
MA,Product 3041,92,44.47
MA,Product 3042,83,42.13
ZA,Product 3043,95,88.11
NG,Product 3044,95,78.67
MA,Product 3045,27,95.80
GH,Product 3046,25,46.64
ZA,Product 3047,77,36.84
GH,Product 3048,71,42.67
KE,Product 3049,65,42.46
GH,Product 3050,54,22.59
MA,Product 3051,24,55.84
KE,Product 3052,28,55.12
NG,Product 3053,84,27.41
GH,Product 3054,3,71.14
NG,Product 3055,91,57.57
KE,Product 3056,2,83.84
MA,Product 3057,3,24.94
ZA,Product 3058,79,31.22
MA,Product 3059,41,72.17
KE,Product 3060,30,69.43
ZA,Product 3061,40,58.78
KE,Product 3062,66,36.64
ZA,Product 3063,73,1.76
ZA,Product 3064,4,22.19
NG,Product 3065,1,43.62
NG,Product 3066,92,78.00
MA,Product 3067,19,71.74
GH,Product 3068,53,93.12
ZA,Product 3069,87,20.64
KE,Product 3070,43,75.07
KE,Product 3071,96,75.40
GH,Product 3072,68,11.18
MA,Product 3073,35,42.71
ZA,Product 3074,57,37.37
MA,Product 3075,10,58.79
ZA,Product 3076,42,55.05
MA,Product 3077,57,68.60
GH,Product 3078,29,45.57
GH,Product 3079,8,9.89
NG,Product 3080,28,76.68
KE,Product 3081,48,75.70
MA,Product 3082,70,26.46
GH,Product 3083,34,31.24
MA,Product 3084,50,24.01
ZA,Product 3085,28,67.35
ZA,Product 3086,19,98.34
KE,Product 3087,9,89.12
MA,Product 3088,14,45.69
ZA,Product 3089,58,24.28
ZA,Product 3090,87,24.02
NG,Product 3091,88,35.18
MA,Product 3092,16,21.07
MA,Product 3093,32,26.86
MA,Product 3094,9,31.51
NG,Product 3095,56,30.66
KE,Product 3096,54,76.71
KE,Product 3097,4,97.25
MA,Product 3098,12,32.86
KE,Product 3099,94,37.17
KE,Product 3100,11,37.43
GH,Product 3101,70,2.28
GH,Product 3102,48,3.55
MA,Product 3103,20,34.67
GH,Product 3104,29,78.92
NG,Product 3105,19,10.49
GH,Product 3106,66,42.55
GH,Product 3107,10,84.23
GH,Product 3108,87,78.41
ZA,Product 3109,20,72.19
ZA,Product 3110,95,38.99
ZA,Product 3111,52,68.84
KE,Product 3112,58,32.11
ZA,Product 3113,80,79.65
MA,Product 3114,92,28.96
MA,Product 3115,47,49.85
ZA,Product 3116,45,89.37
MA,Product 3117,63,6.07
ZA,Product 3118,11,8.72
GH,Product 3119,98,80.90
KE,Product 3120,25,35.33
NG,Product 3121,95,10.03
MA,Product 3122,22,16.28
GH,Product 3123,31,19.92
MA,Product 3124,90,88.31
ZA,Product 3125,48,64.38
MA,Product 3126,99,12.37
KE,Product 3127,53,20.51
MA,Product 3128,12,90.74
MA,Product 3129,64,36.98
NG,Product 3130,54,77.39
ZA,Product 3131,92,98.52
ZA,Product 3132,15,10.78
KE,Product 3133,62,28.80
ZA,Product 3134,62,21.54
GH,Product 3135,15,91.29
ZA,Product 3136,28,74.44
KE,Product 3137,57,21.41
MA,Product 3138,9,90.29
NG,Product 3139,82,83.76
MA,Product 3140,24,69.30
MA,Product 3141,19,69.02
ZA,Product 3142,67,52.77
NG,Product 3143,9,51.04
MA,Product 3144,71,93.64
GH,Product 3145,76,7.11
GH,Product 3146,76,63.24
GH,Product 3147,23,69.06
MA,Product 3148,63,20.38
ZA,Product 3149,56,95.21
KE,Product 3150,14,75.89
ZA,Product 3151,97,61.12
KE,Product 3152,2,6.96
GH,Product 3153,57,81.54
MA,Product 3154,10,97.16
ZA,Product 3155,61,64.20
GH,Product 3156,24,0.71
GH,Product 3157,61,73.36
GH,Product 3158,54,85.09
GH,Product 3159,58,17.69
KE,Product 3160,80,3.67
KE,Product 3161,21,51.58
MA,Product 3162,40,0.30
GH,Product 3163,18,21.68
MA,Product 3164,35,77.29
NG,Product 3165,90,98.58
KE,Product 3166,19,89.07
KE,Product 3167,39,80.63
MA,Product 3168,73,53.75
MA,Product 3169,99,97.92
ZA,Product 3170,64,68.38
ZA,Product 3171,4,14.61
NG,Product 3172,94,67.15
MA,Product 3173,95,26.21
MA,Product 3174,33,54.14
MA,Product 3175,64,42.49
KE,Product 3176,61,80.57
NG,Product 3177,22,76.01
MA,Product 3178,91,6.51
KE,Product 3179,19,89.29
NG,Product 3180,62,26.59
KE,Product 3181,6,87.25
KE,Product 3182,2,81.04
MA,Product 3183,76,70.13
GH,Product 3184,3,31.57
NG,Product 3185,84,16.91
KE,Product 3186,11,60.09
GH,Product 3187,35,28.78
GH,Product 3188,6,65.50
ZA,Product 3189,79,50.85
NG,Product 3190,75,46.79
MA,Product 3191,2,8.91
GH,Product 3192,21,78.52
ZA,Product 3193,96,29.33
KE,Product 3194,5,32.73
ZA,Product 3195,8,5.86
KE,Product 3196,32,53.69
MA,Product 3197,55,53.97
MA,Product 3198,28,9.03
KE,Product 3199,95,17.49
ZA,Product 3200,8,38.56
ZA,Product 3201,35,45.97
KE,Product 3202,6,76.51
ZA,Product 3203,42,82.33
ZA,Product 3204,83,27.71
GH,Product 3205,9,58.12
KE,Product 3206,39,35.75
KE,Product 3207,90,64.58
ZA,Product 3208,77,46.10
MA,Product 3209,25,94.47
NG,Product 3210,58,99.96
ZA,Product 3211,98,2.53
GH,Product 3212,66,19.02
KE,Product 3213,18,31.49
GH,Product 3214,32,53.37
ZA,Product 3215,11,88.85
GH,Product 3216,55,99.30
ZA,Product 3217,67,20.61
ZA,Product 3218,46,5.26
KE,Product 3219,45,36.42
KE,Product 3220,91,78.85
MA,Product 3221,91,22.43
ZA,Product 3222,17,51.55
NG,Product 3223,70,66.56
ZA,Product 3224,19,74.31
GH,Product 3225,21,83.55
GH,Product 3226,27,90.87
MA,Product 3227,21,4.33
MA,Product 3228,16,22.44
NG,Product 3229,28,44.50
KE,Product 3230,64,6.34
GH,Product 3231,57,18.36
GH,Product 3232,9,8.95
KE,Product 3233,93,67.98
NG,Product 3234,42,5.53
MA,Product 3235,83,55.65
KE,Product 3236,44,98.42
GH,Product 3237,7,5.16
GH,Product 3238,57,93.68
NG,Product 3239,3,48.23
MA,Product 3240,44,55.94
NG,Product 3241,53,16.37
ZA,Product 3242,59,37.05
ZA,Product 3243,27,77.94
KE,Product 3244,73,68.24
ZA,Product 3245,78,33.00
NG,Product 3246,98,95.68
NG,Product 3247,23,26.27
NG,Product 3248,66,66.99
NG,Product 3249,25,12.95
MA,Product 3250,12,35.07
MA,Product 3251,1,22.92
KE,Product 3252,5,42.50
ZA,Product 3253,32,71.47
GH,Product 3254,25,78.24
MA,Product 3255,90,11.62
GH,Product 3256,14,26.68
NG,Product 3257,20,55.53
GH,Product 3258,22,4.92
MA,Product 3259,0,71.04
ZA,Product 3260,42,10.10
KE,Product 3261,35,20.51
MA,Product 3262,3,31.30
ZA,Product 3263,57,65.09
GH,Product 3264,0,77.79
GH,Product 3265,58,45.55
ZA,Product 3266,40,74.90
MA,Product 3267,20,96.94
ZA,Product 3268,20,91.05
MA,Product 3269,83,80.39
KE,Product 3270,38,88.19
ZA,Product 3271,95,44.83
ZA,Product 3272,66,8.50
GH,Product 3273,59,90.49
MA,Product 3274,21,68.29
NG,Product 3275,73,15.00
NG,Product 3276,17,7.59
KE,Product 3277,16,16.11
KE,Product 3278,36,59.38
GH,Product 3279,63,1.57
ZA,Product 3280,77,69.14
GH,Product 3281,91,62.65
ZA,Product 3282,98,17.85
GH,Product 3283,55,99.17
ZA,Product 3284,10,12.24
NG,Product 3285,79,9.48
ZA,Product 3286,92,67.55
GH,Product 3287,86,35.94
MA,Product 3288,58,51.68
NG,Product 3289,19,87.09
GH,Product 3290,91,35.64
KE,Product 3291,49,98.72
NG,Product 3292,23,52.22
GH,Product 3293,84,33.48
NG,Product 3294,26,97.35
NG,Product 3295,52,22.36
KE,Product 3296,43,33.54
NG,Product 3297,21,9.27
ZA,Product 3298,36,6.74
ZA,Product 3299,49,16.87
KE,Product 3300,24,24.18
KE,Product 3301,40,97.09
ZA,Product 3302,24,2.97
ZA,Product 3303,20,74.24
KE,Product 3304,48,86.67
ZA,Product 3305,5,57.41
ZA,Product 3306,61,88.74
GH,Product 3307,7,50.00
NG,Product 3308,6,11.00
ZA,Product 3309,93,53.96
KE,Product 3310,41,17.95
GH,Product 3311,35,64.55
MA,Product 3312,98,28.84
ZA,Product 3313,43,81.06
NG,Product 3314,27,4.27
ZA,Product 3315,27,22.78
NG,Product 3316,65,23.07
GH,Product 3317,56,28.90
NG,Product 3318,23,98.41
ZA,Product 3319,87,14.46
NG,Product 3320,59,43.00
GH,Product 3321,80,83.82
KE,Product 3322,27,45.31
GH,Product 3323,38,48.68
MA,Product 3324,5,69.82
GH,Product 3325,56,31.51
ZA,Product 3326,10,25.01
GH,Product 3327,30,73.35
ZA,Product 3328,48,17.77
MA,Product 3329,92,3.45
GH,Product 3330,22,79.98
GH,Product 3331,9,90.21
GH,Product 3332,71,57.23
MA,Product 3333,13,34.41
ZA,Product 3334,22,61.92
ZA,Product 3335,70,49.33
MA,Product 3336,96,3.83
GH,Product 3337,50,9.89
KE,Product 3338,14,53.83
GH,Product 3339,6,75.45
MA,Product 3340,44,85.44
GH,Product 3341,15,89.88
NG,Product 3342,74,45.16
KE,Product 3343,1,20.49
MA,Product 3344,61,0.79
KE,Product 3345,41,47.45
ZA,Product 3346,1,16.62
MA,Product 3347,16,25.84
NG,Product 3348,41,79.12
MA,Product 3349,1,41.07
ZA,Product 3350,11,57.28
GH,Product 3351,62,50.62
MA,Product 3352,42,1.66
ZA,Product 3353,60,10.61
GH,Product 3354,96,38.33
GH,Product 3355,17,50.32
MA,Product 3356,24,74.83
GH,Product 3357,83,83.42
NG,Product 3358,70,88.95
MA,Product 3359,66,57.13
NG,Product 3360,31,13.52
ZA,Product 3361,81,41.37
MA,Product 3362,11,43.64
KE,Product 3363,57,3.78
NG,Product 3364,55,4.72
MA,Product 3365,73,36.77
ZA,Product 3366,81,10.42
KE,Product 3367,73,81.31
GH,Product 3368,13,32.33
NG,Product 3369,13,25.79
GH,Product 3370,22,23.09
NG,Product 3371,1,51.79
GH,Product 3372,5,52.07
ZA,Product 3373,7,64.98
NG,Product 3374,82,82.45
MA,Product 3375,29,41.87
ZA,Product 3376,10,66.55
KE,Product 3377,28,70.05
KE,Product 3378,14,13.33
ZA,Product 3379,9,21.71
MA,Product 3380,43,7.20
KE,Product 3381,22,69.27
GH,Product 3382,25,62.86
GH,Product 3383,25,39.75
GH,Product 3384,4,93.69
ZA,Product 3385,81,37.45
NG,Product 3386,34,8.72
GH,Product 3387,97,40.81
MA,Product 3388,11,2.98
KE,Product 3389,34,33.91
NG,Product 3390,75,16.68
GH,Product 3391,86,97.98
GH,Product 3392,99,95.25
ZA,Product 3393,43,31.90
KE,Product 3394,28,34.22
GH,Product 3395,43,18.07
KE,Product 3396,70,64.29
GH,Product 3397,65,39.54
ZA,Product 3398,98,62.52
ZA,Product 3399,46,97.90
ZA,Product 3400,46,83.47
ZA,Product 3401,61,26.91
MA,Product 3402,13,54.53
KE,Product 3403,43,80.69
NG,Product 3404,4,39.74
MA,Product 3405,68,57.44
NG,Product 3406,10,36.03
KE,Product 3407,11,68.01
GH,Product 3408,2,52.48
MA,Product 3409,3,7.48
GH,Product 3410,62,53.45
ZA,Product 3411,24,64.86
GH,Product 3412,0,37.58
NG,Product 3413,94,84.85
MA,Product 3414,66,97.44
NG,Product 3415,24,97.56
KE,Product 3416,6,21.70
KE,Product 3417,67,90.28
KE,Product 3418,92,13.44
NG,Product 3419,1,88.55
KE,Product 3420,96,94.08
ZA,Product 3421,72,67.31
KE,Product 3422,19,95.35
MA,Product 3423,49,58.93
KE,Product 3424,54,13.98
MA,Product 3425,72,44.85
GH,Product 3426,36,9.36
NG,Product 3427,89,56.35
GH,Product 3428,5,72.49
NG,Product 3429,68,44.67
GH,Product 3430,16,46.98
ZA,Product 3431,36,5.57
ZA,Product 3432,96,32.59
GH,Product 3433,81,92.85
KE,Product 3434,36,29.94
ZA,Product 3435,86,35.40
NG,Product 3436,9,60.93
MA,Product 3437,73,86.48
GH,Product 3438,3,38.80
NG,Product 3439,81,77.01
MA,Product 3440,0,92.58
ZA,Product 3441,52,93.48
GH,Product 3442,84,78.19
MA,Product 3443,19,7.86
MA,Product 3444,96,24.04
ZA,Product 3445,80,98.04
NG,Product 3446,84,4.07
ZA,Product 3447,64,90.99
GH,Product 3448,25,98.80
GH,Product 3449,36,48.90
MA,Product 3450,20,17.04
KE,Product 3451,48,32.94
NG,Product 3452,71,74.04
GH,Product 3453,39,39.38
KE,Product 3454,29,30.24
KE,Product 3455,43,41.59
MA,Product 3456,23,64.55
NG,Product 3457,24,61.48
MA,Product 3458,52,43.24
KE,Product 3459,99,78.04
MA,Product 3460,43,4.40
NG,Product 3461,34,83.79
MA,Product 3462,39,87.81
ZA,Product 3463,52,32.12
NG,Product 3464,79,86.74
NG,Product 3465,65,40.70
GH,Product 3466,20,15.24
MA,Product 3467,57,76.69
MA,Product 3468,34,38.31
ZA,Product 3469,87,85.53
MA,Product 3470,18,51.54
NG,Product 3471,16,76.89
MA,Product 3472,78,76.26
KE,Product 3473,93,3.41
MA,Product 3474,8,3.83
GH,Product 3475,43,29.42
ZA,Product 3476,72,42.08
NG,Product 3477,77,38.81
GH,Product 3478,14,60.18
NG,Product 3479,43,99.76
GH,Product 3480,5,73.11
KE,Product 3481,69,24.85
GH,Product 3482,2,32.56
MA,Product 3483,32,53.10
NG,Product 3484,94,25.27
MA,Product 3485,65,74.68
MA,Product 3486,33,2.15
GH,Product 3487,94,93.07
MA,Product 3488,74,69.34
ZA,Product 3489,20,15.19
KE,Product 3490,28,26.84
GH,Product 3491,33,54.46
KE,Product 3492,86,30.98
GH,Product 3493,11,17.25
ZA,Product 3494,22,96.15
KE,Product 3495,13,78.72
ZA,Product 3496,0,36.34
MA,Product 3497,67,11.89
GH,Product 3498,56,60.76
KE,Product 3499,15,58.49
KE,Product 3500,5,72.11
MA,Product 3501,93,27.97
MA,Product 3502,6,62.05
NG,Product 3503,70,97.00
ZA,Product 3504,43,49.47
NG,Product 3505,39,46.50
MA,Product 3506,64,28.56
GH,Product 3507,46,64.78
KE,Product 3508,91,90.77
MA,Product 3509,9,89.35
NG,Product 3510,68,23.84
ZA,Product 3511,0,21.92
MA,Product 3512,64,16.41
ZA,Product 3513,91,29.67
NG,Product 3514,4,14.38
ZA,Product 3515,72,78.66
ZA,Product 3516,33,23.91
MA,Product 3517,67,37.77
GH,Product 3518,59,44.97
KE,Product 3519,7,16.48
ZA,Product 3520,4,99.48
KE,Product 3521,28,71.64
KE,Product 3522,74,86.33
GH,Product 3523,61,86.12
ZA,Product 3524,82,9.70
ZA,Product 3525,23,9.67
KE,Product 3526,76,67.82
NG,Product 3527,25,37.93
NG,Product 3528,75,18.18
KE,Product 3529,78,89.36
NG,Product 3530,53,97.03
ZA,Product 3531,57,92.37
GH,Product 3532,21,70.92
KE,Product 3533,36,40.39
KE,Product 3534,97,46.87
GH,Product 3535,30,36.69
KE,Product 3536,37,89.48
KE,Product 3537,27,62.58
MA,Product 3538,67,96.90
ZA,Product 3539,19,13.05
GH,Product 3540,48,6.02
GH,Product 3541,29,68.72
NG,Product 3542,13,71.20
GH,Product 3543,61,90.76
MA,Product 3544,56,84.03
KE,Product 3545,85,48.64
MA,Product 3546,41,33.77
MA,Product 3547,11,93.34
GH,Product 3548,60,59.78
KE,Product 3549,38,44.39
ZA,Product 3550,41,84.69
GH,Product 3551,89,92.93
GH,Product 3552,32,85.52
MA,Product 3553,3,73.98
NG,Product 3554,82,71.20
KE,Product 3555,60,43.53
NG,Product 3556,76,42.58
KE,Product 3557,22,8.34
ZA,Product 3558,79,36.68
NG,Product 3559,91,31.96
NG,Product 3560,61,5.44
MA,Product 3561,88,16.43
ZA,Product 3562,18,18.53
NG,Product 3563,84,69.04
NG,Product 3564,59,74.40
GH,Product 3565,63,58.12
MA,Product 3566,97,61.79
MA,Product 3567,50,66.10
NG,Product 3568,58,12.38
GH,Product 3569,13,28.14
ZA,Product 3570,66,20.89
MA,Product 3571,2,60.46
KE,Product 3572,82,64.15
KE,Product 3573,25,25.73
MA,Product 3574,93,1.83
NG,Product 3575,91,89.69
MA,Product 3576,39,60.82
GH,Product 3577,88,75.12
NG,Product 3578,78,4.93
GH,Product 3579,68,10.77
ZA,Product 3580,66,83.12
KE,Product 3581,33,29.87
MA,Product 3582,84,94.52
NG,Product 3583,61,28.47
GH,Product 3584,95,68.58
MA,Product 3585,15,96.32
ZA,Product 3586,32,19.08
KE,Product 3587,27,27.34
MA,Product 3588,17,68.36
NG,Product 3589,20,31.80
MA,Product 3590,57,59.81
GH,Product 3591,41,53.50
MA,Product 3592,22,88.50
ZA,Product 3593,16,48.10
KE,Product 3594,97,92.76
KE,Product 3595,77,93.12
GH,Product 3596,99,4.65
MA,Product 3597,64,61.46
MA,Product 3598,20,16.85
GH,Product 3599,95,76.06
MA,Product 3600,39,24.50
ZA,Product 3601,89,13.25
GH,Product 3602,77,80.08
KE,Product 3603,15,95.66
KE,Product 3604,59,54.74
GH,Product 3605,95,71.83
ZA,Product 3606,30,36.84
GH,Product 3607,66,89.20
ZA,Product 3608,41,64.25
KE,Product 3609,4,79.36
ZA,Product 3610,49,17.96
GH,Product 3611,36,51.01
KE,Product 3612,58,54.28
MA,Product 3613,47,26.21
KE,Product 3614,89,25.88
KE,Product 3615,2,12.43
MA,Product 3616,95,11.15
KE,Product 3617,42,77.83
KE,Product 3618,57,21.39
NG,Product 3619,44,79.22
NG,Product 3620,34,61.58
ZA,Product 3621,88,43.26
MA,Product 3622,51,29.93
GH,Product 3623,21,82.17
MA,Product 3624,27,79.97
KE,Product 3625,87,4.74
GH,Product 3626,18,25.12
GH,Product 3627,50,19.99
NG,Product 3628,60,44.03
ZA,Product 3629,58,37.25
GH,Product 3630,79,5.21
GH,Product 3631,42,96.38
GH,Product 3632,66,59.76
NG,Product 3633,3,80.02
KE,Product 3634,68,30.25
NG,Product 3635,41,97.74
ZA,Product 3636,22,22.32
NG,Product 3637,16,94.83
MA,Product 3638,37,43.19
MA,Product 3639,54,35.84
MA,Product 3640,22,20.69
GH,Product 3641,65,21.77
GH,Product 3642,30,74.07
MA,Product 3643,25,53.06
ZA,Product 3644,91,62.14
ZA,Product 3645,33,52.30
GH,Product 3646,84,49.19
NG,Product 3647,56,38.77
NG,Product 3648,21,96.75
ZA,Product 3649,64,31.00
ZA,Product 3650,68,11.48
KE,Product 3651,49,3.69
GH,Product 3652,64,1.33
NG,Product 3653,21,2.43
ZA,Product 3654,0,76.20
KE,Product 3655,50,55.20
GH,Product 3656,62,83.16
GH,Product 3657,29,44.56
KE,Product 3658,54,23.87
NG,Product 3659,40,74.08
MA,Product 3660,21,5.42
GH,Product 3661,24,41.58
ZA,Product 3662,73,75.03
ZA,Product 3663,54,8.74
NG,Product 3664,51,1.95
NG,Product 3665,55,71.03
ZA,Product 3666,32,81.69
NG,Product 3667,93,39.22
NG,Product 3668,9,87.68
MA,Product 3669,85,56.99
ZA,Product 3670,61,99.87
ZA,Product 3671,23,55.90
MA,Product 3672,4,61.80
GH,Product 3673,5,0.08
KE,Product 3674,15,13.20
KE,Product 3675,30,44.29
KE,Product 3676,45,52.88
GH,Product 3677,66,46.27
GH,Product 3678,50,66.18
NG,Product 3679,45,7.45
GH,Product 3680,42,47.51
NG,Product 3681,17,92.79
NG,Product 3682,66,37.95
GH,Product 3683,69,58.19
MA,Product 3684,1,89.20
GH,Product 3685,50,12.36
MA,Product 3686,49,63.99
KE,Product 3687,20,77.92
MA,Product 3688,75,5.60
MA,Product 3689,23,85.37
ZA,Product 3690,48,49.82
MA,Product 3691,30,80.22
NG,Product 3692,62,70.78
ZA,Product 3693,68,40.42
GH,Product 3694,29,47.44
NG,Product 3695,83,10.27
KE,Product 3696,80,93.04
MA,Product 3697,18,53.83
ZA,Product 3698,54,76.27
NG,Product 3699,23,14.11
MA,Product 3700,44,19.68
KE,Product 3701,68,90.56
GH,Product 3702,9,68.27
ZA,Product 3703,94,96.28
GH,Product 3704,27,41.32
KE,Product 3705,32,61.01
GH,Product 3706,20,51.99
NG,Product 3707,79,66.91
ZA,Product 3708,0,16.39
GH,Product 3709,24,35.53
MA,Product 3710,22,20.06
NG,Product 3711,16,70.64
GH,Product 3712,58,42.01
KE,Product 3713,69,93.98
MA,Product 3714,97,68.95
GH,Product 3715,59,82.43
GH,Product 3716,83,10.87
MA,Product 3717,56,59.69
MA,Product 3718,23,50.95
MA,Product 3719,36,95.13
KE,Product 3720,64,2.50
MA,Product 3721,3,83.16
MA,Product 3722,58,95.64
GH,Product 3723,77,21.98
KE,Product 3724,13,94.16
GH,Product 3725,63,20.21
NG,Product 3726,55,65.68
MA,Product 3727,13,26.67
GH,Product 3728,19,84.73
KE,Product 3729,7,71.81
MA,Product 3730,42,86.84
ZA,Product 3731,50,6.58
GH,Product 3732,19,23.98
GH,Product 3733,74,55.34
NG,Product 3734,92,4.23
KE,Product 3735,36,86.89
NG,Product 3736,0,80.60
KE,Product 3737,22,5.06
ZA,Product 3738,90,11.43
ZA,Product 3739,37,96.89
ZA,Product 3740,11,93.75
NG,Product 3741,1,52.73
GH,Product 3742,19,0.76
GH,Product 3743,48,66.80
ZA,Product 3744,85,53.60
ZA,Product 3745,50,85.39
ZA,Product 3746,26,54.11
GH,Product 3747,37,70.60
NG,Product 3748,87,43.02
GH,Product 3749,65,63.75
GH,Product 3750,5,20.66
KE,Product 3751,5,1.09
NG,Product 3752,82,61.19
ZA,Product 3753,45,94.49
MA,Product 3754,31,42.40
GH,Product 3755,91,76.98
GH,Product 3756,37,84.49
KE,Product 3757,63,29.66
MA,Product 3758,24,63.52
NG,Product 3759,74,99.37
NG,Product 3760,93,23.42
NG,Product 3761,84,31.86
NG,Product 3762,89,46.37
NG,Product 3763,46,25.83
MA,Product 3764,27,80.38
ZA,Product 3765,34,94.83
NG,Product 3766,37,1.03
MA,Product 3767,93,59.54
MA,Product 3768,85,98.75
NG,Product 3769,18,76.89
ZA,Product 3770,49,24.52
ZA,Product 3771,33,83.49
KE,Product 3772,17,47.53
MA,Product 3773,77,20.75
MA,Product 3774,7,67.38
NG,Product 3775,66,41.44
KE,Product 3776,86,81.22
ZA,Product 3777,23,90.92
GH,Product 3778,54,15.59
KE,Product 3779,77,60.20
MA,Product 3780,82,10.75
ZA,Product 3781,58,33.15
MA,Product 3782,44,59.31
NG,Product 3783,64,3.81
NG,Product 3784,86,74.08
GH,Product 3785,82,47.07
KE,Product 3786,48,56.74
GH,Product 3787,26,17.73
NG,Product 3788,40,25.50
KE,Product 3789,63,88.12
ZA,Product 3790,3,88.71
MA,Product 3791,27,9.77
NG,Product 3792,80,97.50
GH,Product 3793,63,44.33
ZA,Product 3794,5,59.67
GH,Product 3795,57,9.58
KE,Product 3796,19,86.27
KE,Product 3797,99,68.17
KE,Product 3798,68,12.90
KE,Product 3799,93,38.70
NG,Product 3800,27,4.01
ZA,Product 3801,89,54.86
MA,Product 3802,20,96.62
MA,Product 3803,87,23.94
MA,Product 3804,96,93.29
ZA,Product 3805,89,9.30
ZA,Product 3806,30,1.54
GH,Product 3807,70,46.37
GH,Product 3808,95,33.72
GH,Product 3809,52,1.14
NG,Product 3810,80,48.39
NG,Product 3811,73,28.49
GH,Product 3812,18,84.45
GH,Product 3813,72,52.11
GH,Product 3814,55,62.25
KE,Product 3815,32,31.65
ZA,Product 3816,87,89.07
MA,Product 3817,17,55.20
NG,Product 3818,48,34.77
KE,Product 3819,28,55.63
ZA,Product 3820,96,50.68
NG,Product 3821,68,29.57
KE,Product 3822,80,64.42
GH,Product 3823,40,89.06
GH,Product 3824,41,13.13
KE,Product 3825,30,9.49
KE,Product 3826,83,45.49
GH,Product 3827,64,4.28
KE,Product 3828,43,40.00
GH,Product 3829,20,16.97
KE,Product 3830,80,76.29
MA,Product 3831,58,45.75
KE,Product 3832,83,12.36
NG,Product 3833,83,3.74
KE,Product 3834,60,3.86
NG,Product 3835,94,31.90
KE,Product 3836,88,92.08
MA,Product 3837,40,71.82
MA,Product 3838,90,80.14
MA,Product 3839,81,68.21
KE,Product 3840,61,87.94
MA,Product 3841,68,13.53
NG,Product 3842,0,77.57
MA,Product 3843,25,22.24
NG,Product 3844,79,56.04
NG,Product 3845,67,32.24
KE,Product 3846,88,7.60
KE,Product 3847,50,97.56
ZA,Product 3848,73,85.42
MA,Product 3849,75,37.78
GH,Product 3850,84,53.02
KE,Product 3851,5,93.86
MA,Product 3852,46,45.80
NG,Product 3853,90,17.47
MA,Product 3854,61,16.45
GH,Product 3855,55,53.57
GH,Product 3856,31,9.85
ZA,Product 3857,35,93.38
ZA,Product 3858,9,49.81
KE,Product 3859,90,23.41
KE,Product 3860,34,42.60
ZA,Product 3861,90,9.72
MA,Product 3862,13,50.93
KE,Product 3863,65,93.36
GH,Product 3864,3,23.49
MA,Product 3865,20,81.15
GH,Product 3866,23,80.79
NG,Product 3867,93,49.87
MA,Product 3868,42,45.89
GH,Product 3869,43,56.32
NG,Product 3870,11,11.17
ZA,Product 3871,72,70.56
MA,Product 3872,62,78.18
GH,Product 3873,62,74.02
GH,Product 3874,85,45.13
MA,Product 3875,94,50.34
ZA,Product 3876,65,99.78
NG,Product 3877,75,88.15
KE,Product 3878,90,11.72
MA,Product 3879,5,69.49
ZA,Product 3880,14,0.24
ZA,Product 3881,77,70.51
NG,Product 3882,54,53.38
NG,Product 3883,80,85.36
MA,Product 3884,69,40.70
GH,Product 3885,39,10.24
KE,Product 3886,92,60.02
KE,Product 3887,20,44.00
MA,Product 3888,10,78.43
NG,Product 3889,53,91.45
KE,Product 3890,74,61.53
KE,Product 3891,73,42.60
GH,Product 3892,77,58.12
ZA,Product 3893,50,61.11
KE,Product 3894,34,67.86
KE,Product 3895,43,45.82
ZA,Product 3896,95,65.39
NG,Product 3897,48,20.48
MA,Product 3898,4,56.74
ZA,Product 3899,50,97.44
KE,Product 3900,10,33.33
ZA,Product 3901,37,8.59
KE,Product 3902,67,52.51
KE,Product 3903,75,34.59
NG,Product 3904,30,83.54
NG,Product 3905,57,54.40
ZA,Product 3906,12,45.06
MA,Product 3907,43,49.27
GH,Product 3908,36,33.10
KE,Product 3909,19,46.62
ZA,Product 3910,93,22.94
KE,Product 3911,55,87.92
NG,Product 3912,81,94.98
KE,Product 3913,87,16.35
GH,Product 3914,65,80.70
NG,Product 3915,36,50.06
ZA,Product 3916,70,96.19
KE,Product 3917,86,99.97
KE,Product 3918,97,78.86
MA,Product 3919,93,40.80
MA,Product 3920,63,68.32
KE,Product 3921,54,66.05
GH,Product 3922,35,67.01
GH,Product 3923,24,28.67
MA,Product 3924,55,85.70
ZA,Product 3925,72,18.19
NG,Product 3926,11,67.30
NG,Product 3927,61,20.80
GH,Product 3928,10,47.72
MA,Product 3929,20,48.43
MA,Product 3930,97,30.90
GH,Product 3931,43,32.75
MA,Product 3932,94,56.40
NG,Product 3933,11,50.67
KE,Product 3934,43,35.04
MA,Product 3935,3,28.90
MA,Product 3936,14,68.62
GH,Product 3937,86,39.22
KE,Product 3938,61,5.92
KE,Product 3939,39,88.71
NG,Product 3940,77,16.65
GH,Product 3941,94,70.18
KE,Product 3942,68,56.56
ZA,Product 3943,79,55.75
MA,Product 3944,79,11.29
GH,Product 3945,69,54.74
MA,Product 3946,38,37.94
MA,Product 3947,4,39.50
KE,Product 3948,69,78.26
KE,Product 3949,49,64.46
KE,Product 3950,58,52.21
ZA,Product 3951,18,40.56
ZA,Product 3952,94,51.50
KE,Product 3953,25,44.38
GH,Product 3954,70,78.40
KE,Product 3955,43,59.44
MA,Product 3956,23,1.30
GH,Product 3957,35,36.94
MA,Product 3958,33,56.75
ZA,Product 3959,72,82.98
NG,Product 3960,64,76.55
GH,Product 3961,6,69.02
MA,Product 3962,29,87.64
GH,Product 3963,98,89.12
GH,Product 3964,66,53.96
ZA,Product 3965,95,49.33
GH,Product 3966,41,8.28
MA,Product 3967,50,24.64
ZA,Product 3968,11,82.26
KE,Product 3969,77,40.13
ZA,Product 3970,32,78.26
MA,Product 3971,1,55.23
GH,Product 3972,17,55.52
GH,Product 3973,48,67.47
KE,Product 3974,55,26.51
GH,Product 3975,81,9.94
MA,Product 3976,41,90.54
NG,Product 3977,56,83.69
NG,Product 3978,90,85.01
MA,Product 3979,33,41.97
ZA,Product 3980,66,43.57
MA,Product 3981,81,57.56
GH,Product 3982,38,91.03
KE,Product 3983,33,66.50
MA,Product 3984,89,70.82
ZA,Product 3985,34,30.93
NG,Product 3986,58,24.37
ZA,Product 3987,93,34.96
ZA,Product 3988,72,81.81
GH,Product 3989,4,32.16
ZA,Product 3990,37,94.41
KE,Product 3991,76,86.08
GH,Product 3992,10,6.11
KE,Product 3993,20,5.91
KE,Product 3994,51,32.77
NG,Product 3995,41,73.11
KE,Product 3996,51,63.76
KE,Product 3997,42,17.79
MA,Product 3998,77,89.70
KE,Product 3999,83,0.35
NG,Product 4000,96,69.77
NG,Product 4001,33,59.97
ZA,Product 4002,1,94.59
KE,Product 4003,6,76.75
ZA,Product 4004,29,1.00
NG,Product 4005,45,98.20
ZA,Product 4006,13,35.97
MA,Product 4007,49,40.17
MA,Product 4008,44,27.03
NG,Product 4009,1,47.57
NG,Product 4010,87,35.68
KE,Product 4011,82,13.25
MA,Product 4012,64,19.65
KE,Product 4013,9,41.82
MA,Product 4014,88,79.73
GH,Product 4015,0,8.98
NG,Product 4016,30,99.71
ZA,Product 4017,18,97.19
NG,Product 4018,59,82.31
ZA,Product 4019,32,85.43
ZA,Product 4020,71,56.47
MA,Product 4021,29,81.68
NG,Product 4022,61,48.05
NG,Product 4023,23,46.89
KE,Product 4024,10,49.44
ZA,Product 4025,29,52.70
GH,Product 4026,82,44.68
GH,Product 4027,84,35.06
GH,Product 4028,50,55.47
GH,Product 4029,88,22.02
ZA,Product 4030,49,76.33
KE,Product 4031,69,17.05
KE,Product 4032,84,71.16
MA,Product 4033,19,35.37
NG,Product 4034,48,55.00
GH,Product 4035,22,62.40
NG,Product 4036,5,28.53
GH,Product 4037,27,17.31
GH,Product 4038,65,41.13
MA,Product 4039,8,66.91
GH,Product 4040,79,80.32
MA,Product 4041,64,21.70
GH,Product 4042,93,13.56
NG,Product 4043,58,83.13
NG,Product 4044,73,46.41
NG,Product 4045,29,87.86
NG,Product 4046,17,59.50
KE,Product 4047,60,78.46
NG,Product 4048,62,74.70
KE,Product 4049,88,92.62
NG,Product 4050,13,24.12
KE,Product 4051,14,89.93
GH,Product 4052,13,32.77
MA,Product 4053,84,37.33
MA,Product 4054,80,40.43
NG,Product 4055,5,37.82
GH,Product 4056,70,24.82
ZA,Product 4057,80,14.41
ZA,Product 4058,73,20.60
ZA,Product 4059,19,81.57
KE,Product 4060,73,80.28
GH,Product 4061,61,17.58
ZA,Product 4062,12,56.13
MA,Product 4063,98,92.60
KE,Product 4064,41,61.68
ZA,Product 4065,82,79.08
GH,Product 4066,73,26.67
KE,Product 4067,29,42.89
ZA,Product 4068,69,66.43
MA,Product 4069,86,38.05
NG,Product 4070,7,14.07
NG,Product 4071,63,26.24
KE,Product 4072,26,77.00
KE,Product 4073,53,85.92
KE,Product 4074,48,11.09
KE,Product 4075,73,76.30
GH,Product 4076,35,39.56
ZA,Product 4077,99,16.10
NG,Product 4078,57,11.61
MA,Product 4079,28,22.19
KE,Product 4080,95,32.58
NG,Product 4081,51,10.00
GH,Product 4082,72,24.47
MA,Product 4083,32,43.95
KE,Product 4084,23,56.79
MA,Product 4085,13,76.41
GH,Product 4086,52,55.72
KE,Product 4087,3,27.52
GH,Product 4088,29,94.18
MA,Product 4089,20,21.02
KE,Product 4090,76,30.19
ZA,Product 4091,17,97.63
NG,Product 4092,85,55.83
KE,Product 4093,68,29.68
MA,Product 4094,45,11.02
KE,Product 4095,91,58.78
GH,Product 4096,45,65.79
NG,Product 4097,81,5.73
KE,Product 4098,78,68.40
NG,Product 4099,71,78.23
KE,Product 4100,62,52.97
NG,Product 4101,28,63.44
GH,Product 4102,45,56.70
ZA,Product 4103,89,73.08
NG,Product 4104,53,96.30
NG,Product 4105,30,61.53
MA,Product 4106,53,98.06
GH,Product 4107,83,0.36
KE,Product 4108,74,27.56
GH,Product 4109,2,97.51
ZA,Product 4110,59,83.38
ZA,Product 4111,97,57.33
MA,Product 4112,67,83.44
GH,Product 4113,10,53.20
MA,Product 4114,22,57.93
MA,Product 4115,63,40.09
NG,Product 4116,9,20.43
ZA,Product 4117,75,0.77
ZA,Product 4118,99,64.77
GH,Product 4119,54,55.29
KE,Product 4120,72,43.01
MA,Product 4121,91,25.23
GH,Product 4122,88,0.16
ZA,Product 4123,69,97.72
NG,Product 4124,70,75.27
GH,Product 4125,42,39.98
NG,Product 4126,60,16.67
KE,Product 4127,24,65.24
GH,Product 4128,5,7.75
GH,Product 4129,68,44.43
NG,Product 4130,96,24.81
ZA,Product 4131,44,62.73
MA,Product 4132,71,84.20
MA,Product 4133,2,44.97
NG,Product 4134,33,80.94
NG,Product 4135,8,2.41
NG,Product 4136,64,30.08
GH,Product 4137,4,14.48
ZA,Product 4138,88,55.06
NG,Product 4139,25,74.30
GH,Product 4140,10,54.06
KE,Product 4141,95,75.49
MA,Product 4142,95,19.87
ZA,Product 4143,55,4.95
ZA,Product 4144,11,44.53
GH,Product 4145,15,18.53
MA,Product 4146,59,33.75
ZA,Product 4147,54,23.60
MA,Product 4148,13,23.89
ZA,Product 4149,98,79.12
MA,Product 4150,1,64.16
MA,Product 4151,90,3.82
GH,Product 4152,99,92.54
NG,Product 4153,4,96.30
MA,Product 4154,19,22.60
KE,Product 4155,49,20.83
KE,Product 4156,87,10.83
GH,Product 4157,18,40.08
NG,Product 4158,78,23.23
NG,Product 4159,25,22.36
GH,Product 4160,91,90.01
NG,Product 4161,19,40.90
KE,Product 4162,73,26.26
GH,Product 4163,14,72.03
KE,Product 4164,41,71.08
NG,Product 4165,44,59.41
NG,Product 4166,60,87.67
NG,Product 4167,32,7.89
GH,Product 4168,93,18.81
KE,Product 4169,66,91.56
NG,Product 4170,53,45.30
KE,Product 4171,97,28.16
KE,Product 4172,11,52.08
GH,Product 4173,83,11.43
NG,Product 4174,2,16.47
KE,Product 4175,61,43.30
MA,Product 4176,87,38.90
GH,Product 4177,14,73.89
KE,Product 4178,28,81.73
KE,Product 4179,86,85.25
KE,Product 4180,7,38.94
KE,Product 4181,37,98.61
GH,Product 4182,48,94.78
KE,Product 4183,46,18.01
GH,Product 4184,65,13.67
NG,Product 4185,70,65.62
NG,Product 4186,51,28.94
KE,Product 4187,76,93.22
MA,Product 4188,32,47.95
MA,Product 4189,40,85.22
GH,Product 4190,22,9.63
MA,Product 4191,84,66.22
GH,Product 4192,47,86.49
KE,Product 4193,94,30.86
ZA,Product 4194,33,62.56
KE,Product 4195,97,66.48
NG,Product 4196,28,37.05
ZA,Product 4197,70,31.05
NG,Product 4198,87,89.23
KE,Product 4199,38,80.16
MA,Product 4200,42,55.44
ZA,Product 4201,17,97.55
GH,Product 4202,1,50.02
KE,Product 4203,26,18.59
GH,Product 4204,30,98.27
NG,Product 4205,45,43.19
GH,Product 4206,7,92.36
ZA,Product 4207,10,83.41
KE,Product 4208,42,58.64
ZA,Product 4209,82,70.54
MA,Product 4210,7,40.89
MA,Product 4211,66,58.83
KE,Product 4212,70,49.00
KE,Product 4213,29,71.36
KE,Product 4214,63,18.56
KE,Product 4215,32,4.31
MA,Product 4216,16,82.49
GH,Product 4217,77,89.77
GH,Product 4218,3,48.94
MA,Product 4219,1,67.09
KE,Product 4220,38,70.69
KE,Product 4221,7,28.77
MA,Product 4222,61,75.31
MA,Product 4223,87,5.99
KE,Product 4224,99,93.50
GH,Product 4225,38,22.18
GH,Product 4226,97,56.23
NG,Product 4227,41,42.29
NG,Product 4228,48,25.99
KE,Product 4229,73,21.04
KE,Product 4230,94,14.05
KE,Product 4231,38,49.28
GH,Product 4232,87,63.76
ZA,Product 4233,55,1.80
MA,Product 4234,95,5.11
MA,Product 4235,23,38.95
KE,Product 4236,85,80.84
MA,Product 4237,7,24.56
ZA,Product 4238,6,87.06
NG,Product 4239,95,84.78
GH,Product 4240,11,11.87
GH,Product 4241,86,29.36
ZA,Product 4242,98,30.29
MA,Product 4243,40,2.23
MA,Product 4244,86,42.83
GH,Product 4245,32,53.37
NG,Product 4246,95,77.07
ZA,Product 4247,20,64.47
KE,Product 4248,98,24.37
GH,Product 4249,7,47.10
KE,Product 4250,93,35.19
ZA,Product 4251,0,13.81
KE,Product 4252,23,79.52
NG,Product 4253,75,47.12
GH,Product 4254,96,94.76
GH,Product 4255,39,63.83
KE,Product 4256,69,21.11
KE,Product 4257,34,25.66
MA,Product 4258,36,91.55
KE,Product 4259,7,54.37
KE,Product 4260,29,33.26
GH,Product 4261,22,62.19
MA,Product 4262,38,47.96
ZA,Product 4263,50,78.94
GH,Product 4264,12,78.21
GH,Product 4265,67,93.02
ZA,Product 4266,78,90.88
MA,Product 4267,44,91.26
GH,Product 4268,28,66.89
ZA,Product 4269,80,24.18
NG,Product 4270,21,41.08
KE,Product 4271,22,42.75
ZA,Product 4272,87,42.73
NG,Product 4273,91,14.32
NG,Product 4274,35,45.73
KE,Product 4275,79,5.48
KE,Product 4276,23,19.60
ZA,Product 4277,3,50.88
MA,Product 4278,83,21.27
MA,Product 4279,18,24.36
GH,Product 4280,80,12.12
KE,Product 4281,96,6.65
ZA,Product 4282,69,54.28
NG,Product 4283,21,61.04
MA,Product 4284,88,6.67
ZA,Product 4285,44,63.94
MA,Product 4286,45,34.01
ZA,Product 4287,53,92.11
KE,Product 4288,51,98.78
GH,Product 4289,24,29.45
NG,Product 4290,9,98.36
GH,Product 4291,53,70.22
GH,Product 4292,37,0.07
MA,Product 4293,60,38.08
GH,Product 4294,19,94.37
GH,Product 4295,56,56.13
MA,Product 4296,95,65.84
ZA,Product 4297,30,69.30
ZA,Product 4298,62,79.62
GH,Product 4299,93,89.94
KE,Product 4300,94,16.37
GH,Product 4301,45,81.33
KE,Product 4302,37,32.47
MA,Product 4303,48,67.65
NG,Product 4304,94,38.67
KE,Product 4305,22,54.47
MA,Product 4306,22,65.20
ZA,Product 4307,13,32.17
ZA,Product 4308,80,38.93
ZA,Product 4309,94,54.20
MA,Product 4310,45,55.90
NG,Product 4311,50,99.27
KE,Product 4312,94,17.63
KE,Product 4313,97,90.17
ZA,Product 4314,52,4.62
KE,Product 4315,55,27.15
MA,Product 4316,29,64.74
NG,Product 4317,37,41.61
KE,Product 4318,97,9.35
KE,Product 4319,83,66.78
GH,Product 4320,43,17.42
KE,Product 4321,94,85.92
MA,Product 4322,77,28.42
ZA,Product 4323,22,67.52
MA,Product 4324,41,45.57
ZA,Product 4325,55,19.72
KE,Product 4326,48,73.33
GH,Product 4327,88,64.14
ZA,Product 4328,37,64.80
NG,Product 4329,12,72.66
ZA,Product 4330,92,32.56
ZA,Product 4331,23,29.79
NG,Product 4332,78,98.96
MA,Product 4333,23,59.36
NG,Product 4334,73,62.68
KE,Product 4335,8,32.27
GH,Product 4336,60,34.26
NG,Product 4337,24,60.55
ZA,Product 4338,90,10.30
ZA,Product 4339,75,13.37
KE,Product 4340,88,80.00
KE,Product 4341,29,46.53
MA,Product 4342,3,62.80
NG,Product 4343,73,77.28
MA,Product 4344,49,82.52
ZA,Product 4345,58,21.13
ZA,Product 4346,37,44.87
MA,Product 4347,57,53.92
ZA,Product 4348,29,74.58
ZA,Product 4349,64,48.77
MA,Product 4350,64,48.91
GH,Product 4351,16,81.61
KE,Product 4352,86,91.48
ZA,Product 4353,66,74.28
KE,Product 4354,97,58.35
NG,Product 4355,20,82.12
KE,Product 4356,87,95.90
GH,Product 4357,49,67.12
MA,Product 4358,18,62.80
ZA,Product 4359,6,62.40
GH,Product 4360,28,70.25
MA,Product 4361,15,74.28
GH,Product 4362,59,58.70
GH,Product 4363,33,26.60
GH,Product 4364,82,18.91
KE,Product 4365,92,80.63
GH,Product 4366,38,57.11
ZA,Product 4367,72,83.26
NG,Product 4368,17,26.92
NG,Product 4369,88,57.28
KE,Product 4370,13,52.75
MA,Product 4371,47,76.57
GH,Product 4372,73,87.94
ZA,Product 4373,27,82.94
MA,Product 4374,31,76.47
ZA,Product 4375,78,53.98
GH,Product 4376,98,41.65
ZA,Product 4377,22,86.55
ZA,Product 4378,10,27.41
KE,Product 4379,36,97.94
MA,Product 4380,63,37.13
NG,Product 4381,50,53.22
GH,Product 4382,7,29.44
NG,Product 4383,29,94.61
ZA,Product 4384,23,54.65
ZA,Product 4385,95,90.31
NG,Product 4386,58,57.76
KE,Product 4387,94,18.87
NG,Product 4388,73,49.54
ZA,Product 4389,20,12.72
MA,Product 4390,17,55.97
GH,Product 4391,22,91.71
NG,Product 4392,48,20.88
GH,Product 4393,4,51.91
GH,Product 4394,62,99.60
GH,Product 4395,93,23.34
GH,Product 4396,67,44.04
GH,Product 4397,34,28.49
NG,Product 4398,96,77.56
GH,Product 4399,93,47.47
GH,Product 4400,23,57.48
KE,Product 4401,91,50.75
NG,Product 4402,7,30.58
NG,Product 4403,9,81.04
ZA,Product 4404,22,84.54
NG,Product 4405,57,34.65
GH,Product 4406,7,42.49
ZA,Product 4407,72,24.38
GH,Product 4408,88,58.88
KE,Product 4409,7,41.30
KE,Product 4410,39,70.70
ZA,Product 4411,37,38.89
KE,Product 4412,48,38.61
KE,Product 4413,10,32.57
GH,Product 4414,79,6.41
KE,Product 4415,67,80.18
ZA,Product 4416,0,93.75
ZA,Product 4417,2,48.46
NG,Product 4418,45,3.81
NG,Product 4419,23,12.14
KE,Product 4420,29,32.83
MA,Product 4421,9,56.59
KE,Product 4422,83,23.45
KE,Product 4423,5,98.15
MA,Product 4424,62,71.45
GH,Product 4425,43,31.10
NG,Product 4426,32,75.44
NG,Product 4427,27,35.86
MA,Product 4428,85,48.41
KE,Product 4429,51,70.74
ZA,Product 4430,73,6.71
MA,Product 4431,28,23.15
GH,Product 4432,20,71.94
NG,Product 4433,26,3.01
GH,Product 4434,51,29.05
NG,Product 4435,91,31.69
ZA,Product 4436,41,1.47
GH,Product 4437,1,55.93
KE,Product 4438,51,32.59
ZA,Product 4439,4,47.78
KE,Product 4440,5,1.80
NG,Product 4441,85,82.24
KE,Product 4442,27,34.44
ZA,Product 4443,7,60.21
KE,Product 4444,47,92.31
GH,Product 4445,81,84.11
KE,Product 4446,31,87.38
NG,Product 4447,28,96.83
ZA,Product 4448,36,7.33
GH,Product 4449,46,30.54
GH,Product 4450,92,30.46
NG,Product 4451,73,63.42
KE,Product 4452,71,61.93
KE,Product 4453,63,76.59
ZA,Product 4454,89,9.15
GH,Product 4455,6,55.06
ZA,Product 4456,22,68.45
GH,Product 4457,88,41.15
NG,Product 4458,52,79.96
GH,Product 4459,62,47.09
GH,Product 4460,91,63.78
MA,Product 4461,71,24.29
MA,Product 4462,72,15.04
KE,Product 4463,26,43.54
MA,Product 4464,35,5.32
KE,Product 4465,44,59.52
MA,Product 4466,0,75.07
KE,Product 4467,47,40.10
ZA,Product 4468,48,56.36
ZA,Product 4469,28,92.80
MA,Product 4470,35,96.04
GH,Product 4471,55,75.61
NG,Product 4472,13,76.85
NG,Product 4473,75,20.73
MA,Product 4474,64,1.58
GH,Product 4475,87,19.02
ZA,Product 4476,78,79.74
MA,Product 4477,78,88.35
KE,Product 4478,11,75.26
GH,Product 4479,14,86.18
NG,Product 4480,26,31.49
ZA,Product 4481,81,31.04
MA,Product 4482,55,73.79
NG,Product 4483,33,41.61
GH,Product 4484,83,67.29
ZA,Product 4485,87,12.47
GH,Product 4486,72,47.29
NG,Product 4487,3,44.56
KE,Product 4488,29,87.13
MA,Product 4489,56,91.44
NG,Product 4490,42,97.96
KE,Product 4491,96,12.38
MA,Product 4492,65,23.67
NG,Product 4493,50,20.67
ZA,Product 4494,84,33.87
GH,Product 4495,23,6.16
KE,Product 4496,65,77.95
GH,Product 4497,37,7.90
NG,Product 4498,52,59.59
GH,Product 4499,73,92.95
NG,Product 4500,41,44.86
NG,Product 4501,29,2.64
ZA,Product 4502,7,56.53
MA,Product 4503,8,50.98
MA,Product 4504,9,46.13
GH,Product 4505,9,68.25
MA,Product 4506,84,41.38
ZA,Product 4507,47,6.59
GH,Product 4508,35,84.61
GH,Product 4509,36,53.23
GH,Product 4510,76,70.08
KE,Product 4511,75,66.88
KE,Product 4512,38,78.60
ZA,Product 4513,8,21.78
MA,Product 4514,35,40.26
NG,Product 4515,44,78.21
ZA,Product 4516,11,24.52
MA,Product 4517,44,48.66
GH,Product 4518,91,80.71
GH,Product 4519,29,55.73
MA,Product 4520,39,66.42
ZA,Product 4521,10,74.94
MA,Product 4522,59,57.28
NG,Product 4523,17,92.57
KE,Product 4524,6,49.11
GH,Product 4525,68,16.34
KE,Product 4526,19,20.56
MA,Product 4527,34,45.85
NG,Product 4528,84,91.36
NG,Product 4529,13,30.53
MA,Product 4530,91,62.84
KE,Product 4531,96,27.48
KE,Product 4532,76,60.31
KE,Product 4533,45,11.20
KE,Product 4534,96,97.49
MA,Product 4535,66,3.42
NG,Product 4536,68,98.71
ZA,Product 4537,1,90.80
GH,Product 4538,89,19.63
ZA,Product 4539,91,63.48
KE,Product 4540,5,86.11
GH,Product 4541,84,88.19
GH,Product 4542,11,22.34
ZA,Product 4543,58,7.31
MA,Product 4544,6,95.15
ZA,Product 4545,96,94.68
NG,Product 4546,20,72.73
MA,Product 4547,54,38.98
GH,Product 4548,46,89.51
ZA,Product 4549,22,14.76
NG,Product 4550,36,76.02
ZA,Product 4551,93,61.46
KE,Product 4552,66,8.19
ZA,Product 4553,24,11.75
MA,Product 4554,98,65.11
NG,Product 4555,56,62.81
MA,Product 4556,16,68.16
NG,Product 4557,62,81.49
KE,Product 4558,42,11.79
ZA,Product 4559,19,18.74
KE,Product 4560,51,27.84
MA,Product 4561,92,42.92
ZA,Product 4562,66,43.78
KE,Product 4563,77,69.98
KE,Product 4564,98,20.97
MA,Product 4565,49,72.33
KE,Product 4566,21,66.61
MA,Product 4567,70,51.39
KE,Product 4568,9,75.70
GH,Product 4569,11,30.53
NG,Product 4570,93,76.05
NG,Product 4571,75,10.34
GH,Product 4572,56,21.60
GH,Product 4573,52,12.80
MA,Product 4574,87,38.27
KE,Product 4575,6,20.91
KE,Product 4576,49,90.26
MA,Product 4577,47,74.53
KE,Product 4578,66,55.14
GH,Product 4579,21,36.68
GH,Product 4580,72,25.54
GH,Product 4581,85,5.76
MA,Product 4582,33,68.88
GH,Product 4583,49,22.00
ZA,Product 4584,87,17.89
NG,Product 4585,41,79.77
NG,Product 4586,57,60.56
MA,Product 4587,57,4.59
GH,Product 4588,93,50.53
MA,Product 4589,44,72.51
KE,Product 4590,59,98.37
ZA,Product 4591,16,57.93
NG,Product 4592,26,92.55
ZA,Product 4593,19,32.31
ZA,Product 4594,61,46.49
GH,Product 4595,93,42.19
MA,Product 4596,22,11.20
NG,Product 4597,65,51.88
GH,Product 4598,34,27.45
NG,Product 4599,60,46.82
GH,Product 4600,28,6.88
GH,Product 4601,28,1.50
GH,Product 4602,13,80.63
ZA,Product 4603,22,13.50
GH,Product 4604,35,73.49
GH,Product 4605,17,4.54
GH,Product 4606,80,23.43
MA,Product 4607,40,4.66
ZA,Product 4608,21,32.49
ZA,Product 4609,61,52.35
MA,Product 4610,38,40.62
ZA,Product 4611,34,11.00
KE,Product 4612,64,48.57
GH,Product 4613,11,23.38
GH,Product 4614,3,82.01
GH,Product 4615,41,70.82
GH,Product 4616,24,25.30
GH,Product 4617,49,8.54
GH,Product 4618,97,58.16
NG,Product 4619,5,88.87
GH,Product 4620,67,3.23
KE,Product 4621,25,82.64
NG,Product 4622,63,12.28
GH,Product 4623,88,86.17
KE,Product 4624,75,43.32
ZA,Product 4625,43,44.72
KE,Product 4626,52,68.53
NG,Product 4627,13,36.46
GH,Product 4628,38,59.27
GH,Product 4629,98,55.79
NG,Product 4630,12,91.55
ZA,Product 4631,68,50.82
GH,Product 4632,70,5.44
GH,Product 4633,44,87.45
NG,Product 4634,84,0.30
MA,Product 4635,89,79.91
NG,Product 4636,81,66.86
NG,Product 4637,25,56.52
ZA,Product 4638,35,92.67
NG,Product 4639,24,51.42
ZA,Product 4640,78,71.90
ZA,Product 4641,17,10.19
GH,Product 4642,16,57.47
GH,Product 4643,12,9.54
KE,Product 4644,39,31.08
NG,Product 4645,10,68.01
ZA,Product 4646,29,23.73
MA,Product 4647,0,52.62
GH,Product 4648,85,53.44
ZA,Product 4649,49,33.17
KE,Product 4650,9,95.69
KE,Product 4651,94,4.03
ZA,Product 4652,6,68.15
KE,Product 4653,59,91.17
MA,Product 4654,44,3.14
KE,Product 4655,27,66.21
GH,Product 4656,98,47.73
MA,Product 4657,34,34.86
KE,Product 4658,50,74.46
NG,Product 4659,42,7.56
KE,Product 4660,19,16.23
ZA,Product 4661,31,6.60
MA,Product 4662,20,8.84
ZA,Product 4663,25,43.52
GH,Product 4664,15,6.76
NG,Product 4665,58,70.55
ZA,Product 4666,43,20.51
NG,Product 4667,27,86.45
ZA,Product 4668,54,0.51
ZA,Product 4669,60,56.95
KE,Product 4670,56,31.25
NG,Product 4671,37,11.89
ZA,Product 4672,34,38.14
MA,Product 4673,33,80.43
KE,Product 4674,48,94.12
ZA,Product 4675,7,91.75
KE,Product 4676,27,56.65
NG,Product 4677,21,72.51
KE,Product 4678,37,82.54
KE,Product 4679,84,43.14
MA,Product 4680,68,58.78
GH,Product 4681,14,47.07
MA,Product 4682,12,80.65
MA,Product 4683,3,44.97
NG,Product 4684,89,49.05
KE,Product 4685,0,6.09
KE,Product 4686,7,38.99
ZA,Product 4687,0,82.97
MA,Product 4688,37,70.21
KE,Product 4689,0,95.54
MA,Product 4690,91,26.09
GH,Product 4691,71,39.16
NG,Product 4692,59,68.02
NG,Product 4693,32,78.23
NG,Product 4694,18,73.57
KE,Product 4695,41,23.09
ZA,Product 4696,24,18.18
MA,Product 4697,5,55.43
ZA,Product 4698,87,55.44
MA,Product 4699,38,42.45
NG,Product 4700,67,46.96
NG,Product 4701,69,98.14
NG,Product 4702,61,0.18
KE,Product 4703,30,26.01
GH,Product 4704,75,44.50
ZA,Product 4705,82,44.85
KE,Product 4706,93,26.71
MA,Product 4707,97,96.53
GH,Product 4708,44,59.74
NG,Product 4709,39,13.15
GH,Product 4710,77,10.16
MA,Product 4711,22,84.50
MA,Product 4712,27,10.05
NG,Product 4713,77,2.07
ZA,Product 4714,57,88.17
ZA,Product 4715,15,77.23
NG,Product 4716,12,55.24
ZA,Product 4717,8,18.68
GH,Product 4718,17,67.55
KE,Product 4719,43,86.54
GH,Product 4720,36,81.96
NG,Product 4721,96,28.80
MA,Product 4722,57,86.91
KE,Product 4723,66,53.11
KE,Product 4724,16,27.50
GH,Product 4725,94,0.23
KE,Product 4726,42,28.91
GH,Product 4727,2,74.10
NG,Product 4728,10,29.26
GH,Product 4729,21,69.10
ZA,Product 4730,23,1.73
MA,Product 4731,58,57.98
KE,Product 4732,89,28.61
KE,Product 4733,25,70.84
MA,Product 4734,48,71.57
MA,Product 4735,71,10.33
ZA,Product 4736,35,92.22
KE,Product 4737,92,70.78
MA,Product 4738,47,91.05
KE,Product 4739,30,35.02
NG,Product 4740,14,55.47
GH,Product 4741,40,86.77
GH,Product 4742,30,60.32
KE,Product 4743,36,98.39
ZA,Product 4744,30,46.44
NG,Product 4745,47,27.71
GH,Product 4746,7,33.57
MA,Product 4747,3,42.54
NG,Product 4748,91,23.56
GH,Product 4749,34,16.30
KE,Product 4750,50,58.80
NG,Product 4751,59,87.35
MA,Product 4752,19,52.88
KE,Product 4753,30,57.34
KE,Product 4754,1,85.86
MA,Product 4755,0,74.10
GH,Product 4756,1,41.84
ZA,Product 4757,39,68.21
NG,Product 4758,53,8.58
MA,Product 4759,4,43.76
KE,Product 4760,72,35.20
MA,Product 4761,14,54.73
KE,Product 4762,23,63.21
GH,Product 4763,52,97.85
GH,Product 4764,80,27.07
NG,Product 4765,12,1.99
ZA,Product 4766,72,58.70
NG,Product 4767,60,0.41
ZA,Product 4768,24,18.20
ZA,Product 4769,26,10.03
ZA,Product 4770,3,43.30
KE,Product 4771,34,36.53
NG,Product 4772,93,17.23
NG,Product 4773,74,23.74
ZA,Product 4774,89,53.43
ZA,Product 4775,83,6.83
KE,Product 4776,2,34.48
ZA,Product 4777,20,46.13
ZA,Product 4778,29,29.29
ZA,Product 4779,96,99.45
MA,Product 4780,14,22.21
KE,Product 4781,9,53.10
ZA,Product 4782,80,71.70
ZA,Product 4783,68,44.05
MA,Product 4784,27,0.89
ZA,Product 4785,32,33.98
NG,Product 4786,47,86.84
KE,Product 4787,78,7.23
KE,Product 4788,29,70.54
KE,Product 4789,16,42.31
MA,Product 4790,93,90.42
NG,Product 4791,48,75.90
ZA,Product 4792,28,95.34
MA,Product 4793,27,43.25
NG,Product 4794,18,77.10
NG,Product 4795,17,68.76
MA,Product 4796,64,60.41
KE,Product 4797,24,26.11
GH,Product 4798,62,39.98
NG,Product 4799,80,40.77
NG,Product 4800,44,52.20
MA,Product 4801,53,89.40
ZA,Product 4802,7,4.11
NG,Product 4803,99,94.07
MA,Product 4804,1,69.89
KE,Product 4805,29,50.83
MA,Product 4806,52,73.48
NG,Product 4807,17,2.40
GH,Product 4808,62,25.45
ZA,Product 4809,91,64.77
ZA,Product 4810,27,99.24
KE,Product 4811,46,53.97
GH,Product 4812,85,58.15
MA,Product 4813,15,40.37
ZA,Product 4814,4,46.36
MA,Product 4815,38,22.56
ZA,Product 4816,72,49.12
KE,Product 4817,68,79.10
ZA,Product 4818,34,60.82
KE,Product 4819,69,41.83
ZA,Product 4820,35,4.39
MA,Product 4821,8,86.39
MA,Product 4822,31,70.22
ZA,Product 4823,6,37.55
GH,Product 4824,31,48.61
GH,Product 4825,82,2.66
ZA,Product 4826,3,74.04
MA,Product 4827,84,48.37
KE,Product 4828,27,33.99
GH,Product 4829,43,67.55
KE,Product 4830,72,20.45
ZA,Product 4831,54,92.33
GH,Product 4832,46,67.20
ZA,Product 4833,32,11.70
NG,Product 4834,27,66.83
MA,Product 4835,46,44.26
ZA,Product 4836,78,7.43
ZA,Product 4837,33,42.81
KE,Product 4838,90,79.60
KE,Product 4839,19,37.98
GH,Product 4840,42,64.71
GH,Product 4841,68,15.37
KE,Product 4842,67,92.31
ZA,Product 4843,76,12.78
GH,Product 4844,20,14.52
GH,Product 4845,82,52.68
NG,Product 4846,28,36.59
NG,Product 4847,31,24.54
KE,Product 4848,12,16.47
MA,Product 4849,45,26.52
NG,Product 4850,71,34.84
MA,Product 4851,12,32.54
GH,Product 4852,47,54.82
NG,Product 4853,76,65.90
ZA,Product 4854,85,23.50
MA,Product 4855,34,14.70
MA,Product 4856,0,91.47
GH,Product 4857,2,4.77
ZA,Product 4858,62,51.00
GH,Product 4859,32,72.34
MA,Product 4860,31,26.56
MA,Product 4861,96,10.71
GH,Product 4862,11,41.46
KE,Product 4863,1,15.55
MA,Product 4864,67,63.44
GH,Product 4865,6,13.93
GH,Product 4866,44,98.76
KE,Product 4867,97,70.71
KE,Product 4868,97,6.28
ZA,Product 4869,8,11.19
MA,Product 4870,66,15.86
GH,Product 4871,2,43.03
NG,Product 4872,35,33.58
NG,Product 4873,62,81.53
KE,Product 4874,29,71.46
MA,Product 4875,88,77.60
ZA,Product 4876,49,88.90
MA,Product 4877,18,25.45
MA,Product 4878,43,49.91
ZA,Product 4879,53,79.58
GH,Product 4880,63,42.58
GH,Product 4881,85,66.37
NG,Product 4882,28,27.59
GH,Product 4883,87,72.40
MA,Product 4884,32,14.80
GH,Product 4885,97,1.63
KE,Product 4886,29,18.79
KE,Product 4887,31,0.51
NG,Product 4888,54,29.34
ZA,Product 4889,26,41.45
NG,Product 4890,18,52.70
ZA,Product 4891,25,14.62
GH,Product 4892,51,26.60
NG,Product 4893,81,7.81
NG,Product 4894,19,86.44
NG,Product 4895,76,27.26
GH,Product 4896,99,64.29
GH,Product 4897,95,68.74
KE,Product 4898,64,1.62
NG,Product 4899,46,26.27
MA,Product 4900,26,85.02
GH,Product 4901,23,51.62
GH,Product 4902,92,19.51
GH,Product 4903,98,6.63
GH,Product 4904,83,84.54
GH,Product 4905,33,27.76
NG,Product 4906,31,23.07
GH,Product 4907,85,70.47
MA,Product 4908,63,43.94
GH,Product 4909,26,11.22
NG,Product 4910,55,25.91
GH,Product 4911,0,31.81
KE,Product 4912,21,6.39
GH,Product 4913,50,18.13
KE,Product 4914,0,36.33
MA,Product 4915,39,79.89
ZA,Product 4916,7,59.93
NG,Product 4917,58,10.99
NG,Product 4918,40,59.86
MA,Product 4919,74,0.96
ZA,Product 4920,97,19.49
NG,Product 4921,40,5.80
KE,Product 4922,87,52.17
KE,Product 4923,24,72.82
MA,Product 4924,42,92.80
KE,Product 4925,24,79.98
KE,Product 4926,62,69.70
ZA,Product 4927,50,76.84
GH,Product 4928,70,37.72
NG,Product 4929,80,64.11
GH,Product 4930,53,76.34
NG,Product 4931,61,94.98
ZA,Product 4932,4,91.05
ZA,Product 4933,7,44.53
GH,Product 4934,83,48.25
ZA,Product 4935,21,25.44
ZA,Product 4936,15,32.36
ZA,Product 4937,48,87.34
KE,Product 4938,45,99.74
ZA,Product 4939,9,4.28
ZA,Product 4940,24,81.40
ZA,Product 4941,37,24.61
GH,Product 4942,63,29.96
KE,Product 4943,50,63.19
ZA,Product 4944,17,83.72
MA,Product 4945,23,22.41
ZA,Product 4946,68,12.67
NG,Product 4947,77,18.14
GH,Product 4948,49,68.78
KE,Product 4949,57,5.94
NG,Product 4950,1,33.63
GH,Product 4951,62,12.89
NG,Product 4952,84,63.06
KE,Product 4953,67,62.47
MA,Product 4954,47,32.48
ZA,Product 4955,46,96.28
ZA,Product 4956,38,47.18
NG,Product 4957,63,60.21
GH,Product 4958,40,5.37
MA,Product 4959,43,11.62
NG,Product 4960,87,8.65
GH,Product 4961,18,9.96
GH,Product 4962,49,62.56
GH,Product 4963,57,57.90
GH,Product 4964,8,10.11
MA,Product 4965,17,13.30
ZA,Product 4966,45,57.08
KE,Product 4967,35,62.96
ZA,Product 4968,18,40.72
KE,Product 4969,61,92.27
ZA,Product 4970,14,64.92
ZA,Product 4971,92,71.03
GH,Product 4972,11,65.80
ZA,Product 4973,30,99.70
ZA,Product 4974,23,51.95
GH,Product 4975,80,63.47
MA,Product 4976,69,99.77
NG,Product 4977,72,1.91
MA,Product 4978,50,85.36
NG,Product 4979,99,71.38
GH,Product 4980,56,12.67
ZA,Product 4981,62,64.10
NG,Product 4982,57,99.16
NG,Product 4983,98,51.45
GH,Product 4984,26,71.01
KE,Product 4985,64,38.58
GH,Product 4986,86,87.28
NG,Product 4987,44,14.91
KE,Product 4988,92,46.90
MA,Product 4989,31,49.45
KE,Product 4990,15,12.67
NG,Product 4991,21,20.28
NG,Product 4992,54,74.36
MA,Product 4993,83,63.86
ZA,Product 4994,87,14.87
KE,Product 4995,42,72.61
MA,Product 4996,7,63.22
MA,Product 4997,69,63.32
GH,Product 4998,41,20.47
KE,Product 4999,99,26.84
GH,Product 5000,92,10.64
GH,Product 5001,52,43.56
MA,Product 5002,56,76.89
MA,Product 5003,94,61.15
ZA,Product 5004,36,8.24
KE,Product 5005,80,13.70
MA,Product 5006,90,12.94
GH,Product 5007,20,59.93
ZA,Product 5008,33,94.89
KE,Product 5009,52,28.14
ZA,Product 5010,50,71.63
NG,Product 5011,52,74.08
MA,Product 5012,79,58.09
ZA,Product 5013,6,83.68
GH,Product 5014,18,12.79
KE,Product 5015,32,42.28
MA,Product 5016,32,75.47
ZA,Product 5017,56,55.35
GH,Product 5018,21,42.62
ZA,Product 5019,95,91.56
ZA,Product 5020,45,30.07
NG,Product 5021,7,41.42
MA,Product 5022,4,19.34
NG,Product 5023,88,81.02
ZA,Product 5024,83,88.85
KE,Product 5025,42,31.82
MA,Product 5026,80,14.29
KE,Product 5027,26,34.95
MA,Product 5028,88,82.67
ZA,Product 5029,77,9.65
ZA,Product 5030,16,20.29
ZA,Product 5031,99,47.21
KE,Product 5032,73,5.19
KE,Product 5033,77,72.14
NG,Product 5034,92,31.52
MA,Product 5035,63,89.50
ZA,Product 5036,7,51.13
GH,Product 5037,4,8.92
NG,Product 5038,37,32.06
KE,Product 5039,64,77.61
MA,Product 5040,57,5.74
ZA,Product 5041,19,78.91
MA,Product 5042,50,39.05
GH,Product 5043,44,72.38
ZA,Product 5044,32,37.63
ZA,Product 5045,86,46.37
MA,Product 5046,59,24.56
ZA,Product 5047,13,88.00
MA,Product 5048,90,4.68
NG,Product 5049,94,95.64
MA,Product 5050,98,36.34
MA,Product 5051,56,99.09
MA,Product 5052,47,55.42
KE,Product 5053,67,50.76
NG,Product 5054,28,81.78
MA,Product 5055,7,43.66
ZA,Product 5056,32,36.85
GH,Product 5057,29,91.81
ZA,Product 5058,38,15.76
NG,Product 5059,22,48.69
ZA,Product 5060,14,5.21
NG,Product 5061,72,99.78
NG,Product 5062,42,91.53
NG,Product 5063,55,99.87
GH,Product 5064,79,96.26
GH,Product 5065,54,83.25
KE,Product 5066,72,41.19
NG,Product 5067,57,23.71
GH,Product 5068,74,9.70
MA,Product 5069,94,6.74
NG,Product 5070,39,11.48
ZA,Product 5071,1,1.88
GH,Product 5072,14,7.69
GH,Product 5073,82,9.31
GH,Product 5074,31,63.38
ZA,Product 5075,8,82.32
NG,Product 5076,8,77.15
NG,Product 5077,26,50.55
MA,Product 5078,19,80.08
ZA,Product 5079,86,9.42
ZA,Product 5080,58,19.59
NG,Product 5081,88,31.57
GH,Product 5082,9,50.48
GH,Product 5083,72,80.46
NG,Product 5084,74,13.85
NG,Product 5085,68,78.42
GH,Product 5086,78,90.85
MA,Product 5087,16,50.71
KE,Product 5088,17,1.17
NG,Product 5089,13,72.55
MA,Product 5090,49,37.12
NG,Product 5091,1,18.68
KE,Product 5092,81,28.82
ZA,Product 5093,4,51.27
ZA,Product 5094,98,51.01
GH,Product 5095,73,88.85
MA,Product 5096,52,42.88
NG,Product 5097,74,64.48
KE,Product 5098,10,60.29
MA,Product 5099,75,22.96
GH,Product 5100,10,82.84
ZA,Product 5101,33,78.12
GH,Product 5102,4,0.27
NG,Product 5103,96,19.02
MA,Product 5104,89,77.95
NG,Product 5105,10,20.43
NG,Product 5106,7,32.80
GH,Product 5107,74,16.85
MA,Product 5108,37,36.29
ZA,Product 5109,65,38.70
MA,Product 5110,2,51.27
KE,Product 5111,64,99.14
ZA,Product 5112,29,80.55
ZA,Product 5113,48,14.68
ZA,Product 5114,13,12.43
ZA,Product 5115,32,57.47
ZA,Product 5116,70,52.45
KE,Product 5117,86,37.69
KE,Product 5118,6,57.28
KE,Product 5119,16,90.65
NG,Product 5120,21,38.38
ZA,Product 5121,30,54.65
KE,Product 5122,89,82.09
ZA,Product 5123,64,67.47
GH,Product 5124,12,69.93
MA,Product 5125,68,79.11
GH,Product 5126,57,56.31
ZA,Product 5127,23,50.90
NG,Product 5128,87,3.91
GH,Product 5129,47,56.48
GH,Product 5130,70,47.45
ZA,Product 5131,88,3.99
NG,Product 5132,54,18.65
MA,Product 5133,29,70.94
NG,Product 5134,57,81.11
MA,Product 5135,47,57.35
MA,Product 5136,63,90.19
KE,Product 5137,87,42.59
NG,Product 5138,5,64.28
ZA,Product 5139,49,44.75
NG,Product 5140,37,50.55
KE,Product 5141,17,61.23
NG,Product 5142,98,71.37
KE,Product 5143,87,47.01
MA,Product 5144,88,77.49
ZA,Product 5145,47,14.22
KE,Product 5146,22,80.07
MA,Product 5147,60,2.42
MA,Product 5148,22,60.67
ZA,Product 5149,78,42.48
KE,Product 5150,31,51.96
KE,Product 5151,97,19.52
ZA,Product 5152,80,29.03
MA,Product 5153,2,4.29
NG,Product 5154,42,19.92
NG,Product 5155,98,78.42
GH,Product 5156,38,30.05
KE,Product 5157,91,17.83
KE,Product 5158,16,35.24
GH,Product 5159,83,75.09
MA,Product 5160,72,39.12
NG,Product 5161,75,92.42
KE,Product 5162,48,13.09
GH,Product 5163,68,50.44
NG,Product 5164,1,45.35
NG,Product 5165,60,28.59
GH,Product 5166,1,12.74
GH,Product 5167,91,72.39
NG,Product 5168,81,45.28
ZA,Product 5169,71,74.28
ZA,Product 5170,72,53.76
NG,Product 5171,77,25.24
GH,Product 5172,17,17.85
MA,Product 5173,29,4.98
GH,Product 5174,41,86.86
KE,Product 5175,12,0.68
ZA,Product 5176,27,0.59
NG,Product 5177,14,52.02
KE,Product 5178,10,68.52
GH,Product 5179,2,59.69
GH,Product 5180,38,5.83
ZA,Product 5181,55,82.79
NG,Product 5182,75,74.93
ZA,Product 5183,49,70.95
NG,Product 5184,33,31.16
NG,Product 5185,47,16.33
KE,Product 5186,40,55.03
MA,Product 5187,63,4.02
GH,Product 5188,98,33.04
NG,Product 5189,10,25.15
MA,Product 5190,87,20.21
NG,Product 5191,71,39.02
KE,Product 5192,60,99.89
KE,Product 5193,57,47.63
ZA,Product 5194,33,97.51
GH,Product 5195,38,78.87
MA,Product 5196,23,78.09
KE,Product 5197,6,14.63
KE,Product 5198,11,31.45
NG,Product 5199,86,37.61
MA,Product 5200,69,3.42
NG,Product 5201,0,13.68
NG,Product 5202,36,51.10
NG,Product 5203,37,29.16
NG,Product 5204,54,77.03
GH,Product 5205,15,29.68
MA,Product 5206,85,36.46
NG,Product 5207,21,45.91
KE,Product 5208,67,47.75
MA,Product 5209,21,53.40
GH,Product 5210,70,0.18
MA,Product 5211,69,36.29
MA,Product 5212,48,63.43
MA,Product 5213,8,82.24
GH,Product 5214,2,19.01
NG,Product 5215,73,14.87
GH,Product 5216,52,15.46
GH,Product 5217,2,63.79
KE,Product 5218,11,50.69
MA,Product 5219,70,35.93
GH,Product 5220,15,5.96
KE,Product 5221,77,48.19
KE,Product 5222,74,62.66
ZA,Product 5223,32,23.63
KE,Product 5224,97,5.56
KE,Product 5225,14,71.00
GH,Product 5226,1,41.83
GH,Product 5227,12,9.62
NG,Product 5228,18,55.49
KE,Product 5229,22,89.92
KE,Product 5230,98,75.46
KE,Product 5231,96,47.25
KE,Product 5232,5,56.52
ZA,Product 5233,61,88.56
GH,Product 5234,63,99.92
ZA,Product 5235,6,65.41
MA,Product 5236,5,47.01
NG,Product 5237,21,83.70
ZA,Product 5238,83,37.31
MA,Product 5239,0,23.64
NG,Product 5240,96,4.25
NG,Product 5241,49,15.14
ZA,Product 5242,42,37.42
ZA,Product 5243,53,57.32
MA,Product 5244,68,0.44
KE,Product 5245,53,23.62
ZA,Product 5246,63,28.41
ZA,Product 5247,48,5.35
GH,Product 5248,54,48.56
KE,Product 5249,82,80.72
KE,Product 5250,47,6.24
ZA,Product 5251,99,2.09
NG,Product 5252,92,31.73
MA,Product 5253,71,33.90
KE,Product 5254,17,20.57
MA,Product 5255,71,75.67
GH,Product 5256,39,12.65
GH,Product 5257,45,97.00
ZA,Product 5258,13,17.27
ZA,Product 5259,54,24.33
KE,Product 5260,59,25.30
GH,Product 5261,94,27.11
KE,Product 5262,24,59.13
NG,Product 5263,15,94.60
NG,Product 5264,71,61.98
GH,Product 5265,74,92.52
KE,Product 5266,49,67.74
MA,Product 5267,98,8.03
ZA,Product 5268,34,15.34
ZA,Product 5269,34,78.28
KE,Product 5270,78,97.99
MA,Product 5271,11,50.01
ZA,Product 5272,11,93.25
ZA,Product 5273,18,67.89
NG,Product 5274,66,81.73
NG,Product 5275,20,12.70
ZA,Product 5276,74,21.33
GH,Product 5277,63,92.98
MA,Product 5278,58,45.22
GH,Product 5279,82,30.25
ZA,Product 5280,80,27.76
ZA,Product 5281,49,96.18
KE,Product 5282,93,93.55
KE,Product 5283,90,57.68
KE,Product 5284,88,50.54
ZA,Product 5285,40,46.18
NG,Product 5286,47,63.14
GH,Product 5287,5,4.41
ZA,Product 5288,69,32.82
ZA,Product 5289,62,93.18
NG,Product 5290,58,39.83
MA,Product 5291,65,0.63
MA,Product 5292,49,0.64
GH,Product 5293,85,66.80
GH,Product 5294,84,40.60
MA,Product 5295,75,41.83
NG,Product 5296,68,94.39
ZA,Product 5297,48,58.54
ZA,Product 5298,89,41.92
GH,Product 5299,58,71.26
GH,Product 5300,54,40.59
ZA,Product 5301,73,75.27
ZA,Product 5302,84,70.42
GH,Product 5303,51,14.79
KE,Product 5304,75,23.37
GH,Product 5305,99,54.23
GH,Product 5306,17,32.98
GH,Product 5307,37,89.29
GH,Product 5308,50,79.75
NG,Product 5309,67,65.07
NG,Product 5310,95,51.65
GH,Product 5311,40,69.14
ZA,Product 5312,53,29.84
NG,Product 5313,74,42.04
KE,Product 5314,26,13.22
NG,Product 5315,84,30.36
MA,Product 5316,69,86.30
ZA,Product 5317,94,54.62
KE,Product 5318,27,63.71
NG,Product 5319,60,81.54
GH,Product 5320,67,74.14
MA,Product 5321,60,90.01
KE,Product 5322,93,33.79
ZA,Product 5323,86,46.70
MA,Product 5324,90,25.77
NG,Product 5325,12,52.93
GH,Product 5326,94,97.31
ZA,Product 5327,81,39.78
ZA,Product 5328,67,68.07
ZA,Product 5329,8,70.39
GH,Product 5330,96,5.51
NG,Product 5331,72,58.80
KE,Product 5332,40,20.12
ZA,Product 5333,33,78.09
NG,Product 5334,40,2.64
KE,Product 5335,69,36.07
MA,Product 5336,47,62.82
MA,Product 5337,20,16.96
NG,Product 5338,58,60.29
KE,Product 5339,70,34.38
KE,Product 5340,0,21.47
NG,Product 5341,72,40.02
NG,Product 5342,75,97.02
GH,Product 5343,5,14.78
ZA,Product 5344,55,47.60
MA,Product 5345,80,94.73
GH,Product 5346,75,41.60
MA,Product 5347,31,67.20
MA,Product 5348,49,15.89
NG,Product 5349,25,70.43
KE,Product 5350,16,35.25
NG,Product 5351,63,41.03
ZA,Product 5352,30,6.98
NG,Product 5353,3,90.73
ZA,Product 5354,28,80.46
NG,Product 5355,2,96.35
MA,Product 5356,12,82.25
MA,Product 5357,2,45.41
ZA,Product 5358,0,1.64
NG,Product 5359,40,51.18
ZA,Product 5360,14,85.44
NG,Product 5361,18,24.55
MA,Product 5362,48,2.81
MA,Product 5363,90,82.21
ZA,Product 5364,95,96.41
GH,Product 5365,76,78.46
KE,Product 5366,2,62.78
GH,Product 5367,76,27.91
KE,Product 5368,84,29.03
KE,Product 5369,50,98.44
ZA,Product 5370,82,56.86
ZA,Product 5371,39,64.98
GH,Product 5372,49,55.81
KE,Product 5373,18,22.94
ZA,Product 5374,5,84.69
ZA,Product 5375,60,39.06
KE,Product 5376,95,58.18
GH,Product 5377,75,11.46
GH,Product 5378,26,99.55
MA,Product 5379,51,84.47
MA,Product 5380,2,39.20
NG,Product 5381,15,23.12
GH,Product 5382,57,89.70
ZA,Product 5383,55,64.12
NG,Product 5384,86,15.93
ZA,Product 5385,58,36.33
KE,Product 5386,70,95.83
GH,Product 5387,46,50.05
NG,Product 5388,20,83.62
NG,Product 5389,40,85.73
KE,Product 5390,72,99.30
GH,Product 5391,48,29.60
GH,Product 5392,72,63.96
ZA,Product 5393,13,62.87
KE,Product 5394,81,18.56
GH,Product 5395,71,5.56
NG,Product 5396,31,4.48
NG,Product 5397,54,12.74
GH,Product 5398,52,61.83
NG,Product 5399,86,75.64
KE,Product 5400,89,75.72
MA,Product 5401,23,7.35
NG,Product 5402,15,3.82
ZA,Product 5403,21,56.78
GH,Product 5404,13,12.64
MA,Product 5405,12,52.29
KE,Product 5406,92,76.75
NG,Product 5407,17,55.50
ZA,Product 5408,22,58.30
KE,Product 5409,7,89.59
ZA,Product 5410,25,9.14
MA,Product 5411,44,21.57
MA,Product 5412,23,90.86
NG,Product 5413,83,95.55
GH,Product 5414,42,68.63
KE,Product 5415,73,56.79
MA,Product 5416,81,32.33
MA,Product 5417,76,51.84
NG,Product 5418,22,54.48
GH,Product 5419,46,97.43
NG,Product 5420,54,41.59
GH,Product 5421,18,43.86
GH,Product 5422,86,48.26
GH,Product 5423,74,20.26
KE,Product 5424,77,45.59
GH,Product 5425,36,7.61
GH,Product 5426,32,75.67
ZA,Product 5427,75,72.53
ZA,Product 5428,25,93.17
ZA,Product 5429,50,27.04
MA,Product 5430,39,75.88
NG,Product 5431,37,33.26
GH,Product 5432,36,65.13
MA,Product 5433,31,32.30
GH,Product 5434,13,2.14
GH,Product 5435,86,38.43
NG,Product 5436,48,15.88
KE,Product 5437,24,23.46
KE,Product 5438,6,22.22
KE,Product 5439,98,71.44
MA,Product 5440,85,77.90
GH,Product 5441,45,36.66
ZA,Product 5442,52,0.17
KE,Product 5443,97,49.41
MA,Product 5444,30,73.07
GH,Product 5445,17,79.25
GH,Product 5446,93,4.57
MA,Product 5447,59,61.62
NG,Product 5448,80,0.72
ZA,Product 5449,94,40.49
GH,Product 5450,97,56.19
NG,Product 5451,36,76.04
NG,Product 5452,66,34.89
GH,Product 5453,49,54.16
NG,Product 5454,34,66.76
MA,Product 5455,79,89.28
ZA,Product 5456,2,62.23
ZA,Product 5457,53,17.26
MA,Product 5458,10,20.96
GH,Product 5459,62,58.34
GH,Product 5460,24,19.58
NG,Product 5461,1,93.85
NG,Product 5462,49,74.99
KE,Product 5463,4,37.02
MA,Product 5464,47,57.54
MA,Product 5465,55,37.00
MA,Product 5466,74,88.61
NG,Product 5467,13,72.33
MA,Product 5468,65,9.59
NG,Product 5469,67,9.62
KE,Product 5470,35,56.23
GH,Product 5471,41,21.24
GH,Product 5472,32,27.70
MA,Product 5473,14,5.52
GH,Product 5474,61,11.48
GH,Product 5475,82,86.55
NG,Product 5476,36,75.53
KE,Product 5477,23,83.22
NG,Product 5478,56,57.74
MA,Product 5479,62,50.79
NG,Product 5480,53,96.44
NG,Product 5481,30,77.54
ZA,Product 5482,62,86.87
ZA,Product 5483,31,94.88
GH,Product 5484,38,56.73
MA,Product 5485,14,87.22
NG,Product 5486,46,84.33
GH,Product 5487,64,73.90
KE,Product 5488,92,74.48
MA,Product 5489,58,50.40
ZA,Product 5490,54,45.54
GH,Product 5491,48,50.17
KE,Product 5492,18,89.11
NG,Product 5493,63,79.52
GH,Product 5494,2,48.34
ZA,Product 5495,22,68.16
KE,Product 5496,73,89.37
GH,Product 5497,12,57.22
GH,Product 5498,81,1.00
MA,Product 5499,86,56.28
GH,Product 5500,18,8.54
KE,Product 5501,34,3.76
NG,Product 5502,75,72.36
ZA,Product 5503,55,98.34
KE,Product 5504,28,78.14
GH,Product 5505,21,55.05
KE,Product 5506,80,81.09
MA,Product 5507,87,27.24
GH,Product 5508,87,84.22
GH,Product 5509,86,95.81
KE,Product 5510,0,39.09
GH,Product 5511,6,66.59
KE,Product 5512,71,26.88
KE,Product 5513,81,97.79
KE,Product 5514,17,81.69
KE,Product 5515,43,67.83
ZA,Product 5516,92,70.71
ZA,Product 5517,87,35.55
NG,Product 5518,0,29.52
MA,Product 5519,79,44.69
GH,Product 5520,61,54.00
MA,Product 5521,71,39.72
NG,Product 5522,27,59.42
NG,Product 5523,11,18.12
MA,Product 5524,46,10.03
NG,Product 5525,1,39.72
KE,Product 5526,46,85.91
GH,Product 5527,16,66.43
MA,Product 5528,1,88.71
MA,Product 5529,45,65.69
GH,Product 5530,7,51.37
MA,Product 5531,77,59.09
GH,Product 5532,50,28.43
GH,Product 5533,32,45.35
MA,Product 5534,69,1.95
NG,Product 5535,84,64.55
NG,Product 5536,4,83.04
ZA,Product 5537,6,59.06
KE,Product 5538,24,95.04
NG,Product 5539,90,78.56
GH,Product 5540,60,71.25
MA,Product 5541,98,15.33
GH,Product 5542,33,9.65
ZA,Product 5543,79,72.36
KE,Product 5544,37,77.90
MA,Product 5545,85,67.41
ZA,Product 5546,19,69.73
KE,Product 5547,24,40.97
KE,Product 5548,88,34.11
ZA,Product 5549,71,91.87
NG,Product 5550,45,78.85
ZA,Product 5551,70,80.76
ZA,Product 5552,3,74.39
MA,Product 5553,45,23.67
NG,Product 5554,26,60.84
MA,Product 5555,3,96.16
NG,Product 5556,57,44.90
ZA,Product 5557,38,60.67
NG,Product 5558,59,20.72
NG,Product 5559,66,36.76
NG,Product 5560,34,62.58
ZA,Product 5561,59,96.49
MA,Product 5562,55,98.01
MA,Product 5563,36,52.67
MA,Product 5564,76,13.15
GH,Product 5565,39,19.25
GH,Product 5566,19,91.12
MA,Product 5567,52,12.60
ZA,Product 5568,40,3.23
MA,Product 5569,39,68.59
GH,Product 5570,3,69.49
GH,Product 5571,7,47.31
KE,Product 5572,32,5.64
ZA,Product 5573,61,40.76
ZA,Product 5574,52,88.81
NG,Product 5575,84,6.54
NG,Product 5576,65,96.19
MA,Product 5577,18,14.08
KE,Product 5578,71,51.70
ZA,Product 5579,65,72.38
GH,Product 5580,36,58.71
ZA,Product 5581,28,77.90
MA,Product 5582,15,21.20
MA,Product 5583,3,89.44
GH,Product 5584,35,59.52
GH,Product 5585,71,39.35
KE,Product 5586,93,26.56
MA,Product 5587,69,88.44
ZA,Product 5588,10,88.31
GH,Product 5589,70,83.06
GH,Product 5590,75,22.99
NG,Product 5591,12,34.74
KE,Product 5592,32,94.56
ZA,Product 5593,65,56.41
NG,Product 5594,2,78.03
ZA,Product 5595,94,55.60
KE,Product 5596,34,80.70
GH,Product 5597,51,81.43
ZA,Product 5598,21,38.27
ZA,Product 5599,3,25.76
MA,Product 5600,50,85.52
MA,Product 5601,42,78.44
KE,Product 5602,80,25.54
NG,Product 5603,7,42.19
GH,Product 5604,40,96.57
NG,Product 5605,25,29.25
KE,Product 5606,25,81.36
NG,Product 5607,44,10.41
ZA,Product 5608,29,20.93
NG,Product 5609,82,46.37
GH,Product 5610,75,10.07
KE,Product 5611,69,24.53
GH,Product 5612,12,22.87
KE,Product 5613,63,48.61
NG,Product 5614,1,67.46
GH,Product 5615,45,84.61
ZA,Product 5616,97,76.36
GH,Product 5617,30,57.52
NG,Product 5618,94,91.45
MA,Product 5619,71,20.76
ZA,Product 5620,66,47.89
ZA,Product 5621,92,64.48
KE,Product 5622,74,78.18
NG,Product 5623,56,81.95
MA,Product 5624,67,61.17
GH,Product 5625,51,32.73
NG,Product 5626,98,83.90
GH,Product 5627,68,94.39
MA,Product 5628,63,5.04
GH,Product 5629,30,24.44
NG,Product 5630,67,48.82
ZA,Product 5631,77,20.53
KE,Product 5632,19,67.58
NG,Product 5633,87,36.13
NG,Product 5634,48,4.35
NG,Product 5635,46,32.09
GH,Product 5636,68,88.15
KE,Product 5637,73,1.52
ZA,Product 5638,36,34.21
NG,Product 5639,36,38.13
ZA,Product 5640,29,43.36
ZA,Product 5641,70,8.78
GH,Product 5642,16,58.18
ZA,Product 5643,71,76.48
ZA,Product 5644,28,26.21
GH,Product 5645,12,42.65
ZA,Product 5646,88,34.47
GH,Product 5647,68,14.89
ZA,Product 5648,99,7.50
NG,Product 5649,37,63.64
GH,Product 5650,74,22.79
MA,Product 5651,35,97.40
GH,Product 5652,47,74.02
NG,Product 5653,85,29.74
ZA,Product 5654,0,53.32
MA,Product 5655,71,71.02
GH,Product 5656,57,70.51
MA,Product 5657,96,76.76
MA,Product 5658,57,16.56
NG,Product 5659,67,8.73
ZA,Product 5660,87,30.96
KE,Product 5661,36,96.43
GH,Product 5662,17,26.18
MA,Product 5663,13,24.84
KE,Product 5664,19,82.97
NG,Product 5665,91,58.38
MA,Product 5666,74,50.22
MA,Product 5667,9,87.53
GH,Product 5668,25,63.57
GH,Product 5669,36,0.13
GH,Product 5670,35,91.87
NG,Product 5671,96,47.07
MA,Product 5672,68,49.05
KE,Product 5673,43,48.72
KE,Product 5674,80,98.92
ZA,Product 5675,64,92.46
ZA,Product 5676,10,21.35
KE,Product 5677,57,64.31
NG,Product 5678,81,14.40
NG,Product 5679,61,79.14
KE,Product 5680,15,17.18
NG,Product 5681,20,61.30
MA,Product 5682,91,37.43
ZA,Product 5683,71,55.97
KE,Product 5684,75,50.76
GH,Product 5685,10,90.56
GH,Product 5686,51,15.61
GH,Product 5687,23,14.64
GH,Product 5688,9,20.80
MA,Product 5689,76,3.35
GH,Product 5690,42,45.31
MA,Product 5691,82,97.71
MA,Product 5692,98,72.67
KE,Product 5693,38,53.02
MA,Product 5694,33,52.21
ZA,Product 5695,59,57.33
ZA,Product 5696,79,20.24
GH,Product 5697,73,80.18
GH,Product 5698,93,72.55
MA,Product 5699,46,13.12
MA,Product 5700,6,43.39
NG,Product 5701,3,40.07
MA,Product 5702,55,38.79
ZA,Product 5703,44,74.55
NG,Product 5704,59,84.02
ZA,Product 5705,92,27.62
NG,Product 5706,66,54.03
ZA,Product 5707,91,8.42
GH,Product 5708,45,98.59
MA,Product 5709,31,45.33
NG,Product 5710,67,63.58
ZA,Product 5711,92,80.10
KE,Product 5712,18,70.93
NG,Product 5713,3,24.85
ZA,Product 5714,1,43.10
NG,Product 5715,98,91.43
GH,Product 5716,15,38.58
NG,Product 5717,1,92.00
NG,Product 5718,82,31.46
GH,Product 5719,87,29.67
KE,Product 5720,44,2.02
KE,Product 5721,73,53.64
MA,Product 5722,20,63.49
NG,Product 5723,78,15.33
ZA,Product 5724,75,46.19
ZA,Product 5725,72,40.88
KE,Product 5726,48,72.54
ZA,Product 5727,84,39.65
GH,Product 5728,49,6.60
NG,Product 5729,1,21.14
NG,Product 5730,28,86.64
MA,Product 5731,52,68.40
MA,Product 5732,57,80.76
GH,Product 5733,26,11.58
NG,Product 5734,79,99.67
KE,Product 5735,60,29.95
KE,Product 5736,44,57.16
GH,Product 5737,94,13.10
GH,Product 5738,37,77.34
KE,Product 5739,43,69.44
GH,Product 5740,1,30.52
KE,Product 5741,70,23.67
MA,Product 5742,93,22.00
ZA,Product 5743,49,64.66
ZA,Product 5744,32,12.15
GH,Product 5745,60,46.70
KE,Product 5746,17,43.36
KE,Product 5747,80,30.96
NG,Product 5748,8,59.78
KE,Product 5749,56,83.38
KE,Product 5750,50,59.00
NG,Product 5751,50,49.85
MA,Product 5752,3,66.72
KE,Product 5753,57,6.64
GH,Product 5754,40,67.08
GH,Product 5755,44,46.30
ZA,Product 5756,61,76.97
MA,Product 5757,51,93.74
KE,Product 5758,33,97.63
NG,Product 5759,93,8.17
NG,Product 5760,87,97.04
NG,Product 5761,4,35.57
KE,Product 5762,52,30.78
ZA,Product 5763,98,27.34
MA,Product 5764,6,11.03
GH,Product 5765,40,28.22
NG,Product 5766,75,28.92
GH,Product 5767,95,44.73
GH,Product 5768,59,88.51
MA,Product 5769,65,24.48
KE,Product 5770,39,83.41
ZA,Product 5771,3,59.99
GH,Product 5772,27,86.97
GH,Product 5773,52,93.34
KE,Product 5774,19,65.16
NG,Product 5775,38,2.66
ZA,Product 5776,57,14.67
KE,Product 5777,65,61.31
GH,Product 5778,76,32.03
NG,Product 5779,69,88.31
KE,Product 5780,82,63.65
MA,Product 5781,51,34.90
NG,Product 5782,45,42.03
NG,Product 5783,5,53.82
MA,Product 5784,70,19.92
MA,Product 5785,95,38.88
MA,Product 5786,43,60.73
GH,Product 5787,13,6.76
NG,Product 5788,27,29.48
ZA,Product 5789,91,84.21
NG,Product 5790,84,1.47
MA,Product 5791,1,50.12
GH,Product 5792,40,17.57
NG,Product 5793,81,41.09
ZA,Product 5794,77,47.54
NG,Product 5795,6,47.55
MA,Product 5796,57,32.24
MA,Product 5797,29,68.33
ZA,Product 5798,7,86.64
GH,Product 5799,65,15.08
GH,Product 5800,27,27.43
NG,Product 5801,58,6.50
ZA,Product 5802,14,4.58
GH,Product 5803,14,40.24
KE,Product 5804,71,99.57
NG,Product 5805,35,92.35
ZA,Product 5806,74,17.94
ZA,Product 5807,40,18.51
MA,Product 5808,86,23.08
KE,Product 5809,75,17.50
KE,Product 5810,19,38.77
NG,Product 5811,64,48.08
KE,Product 5812,66,38.89
NG,Product 5813,27,22.96
KE,Product 5814,64,15.26
ZA,Product 5815,84,85.60
GH,Product 5816,2,67.24
KE,Product 5817,76,34.80
NG,Product 5818,88,45.18
ZA,Product 5819,58,13.22
MA,Product 5820,63,19.28
GH,Product 5821,41,98.66
NG,Product 5822,52,10.09
ZA,Product 5823,53,63.43
MA,Product 5824,59,63.19
ZA,Product 5825,87,92.29
NG,Product 5826,5,67.05
GH,Product 5827,95,72.31
KE,Product 5828,51,81.33
MA,Product 5829,69,38.26
MA,Product 5830,14,12.66
GH,Product 5831,13,52.06
ZA,Product 5832,30,37.19
KE,Product 5833,90,45.54
ZA,Product 5834,97,61.45
MA,Product 5835,52,42.96
MA,Product 5836,87,53.38
KE,Product 5837,77,44.10
ZA,Product 5838,50,37.76
NG,Product 5839,62,7.51
MA,Product 5840,32,52.53
MA,Product 5841,45,71.55
GH,Product 5842,61,66.95
MA,Product 5843,51,50.14
NG,Product 5844,57,22.50
MA,Product 5845,93,31.26
KE,Product 5846,86,97.08
GH,Product 5847,17,46.13
MA,Product 5848,68,23.32
KE,Product 5849,23,9.42
ZA,Product 5850,37,33.81
ZA,Product 5851,4,36.77
KE,Product 5852,23,42.03
MA,Product 5853,93,87.42
GH,Product 5854,16,69.54
MA,Product 5855,50,17.31
NG,Product 5856,42,39.03
KE,Product 5857,28,56.27
KE,Product 5858,41,89.16
ZA,Product 5859,35,9.26
ZA,Product 5860,33,61.05
ZA,Product 5861,17,50.07
KE,Product 5862,6,76.24
KE,Product 5863,55,89.06
KE,Product 5864,89,80.02
NG,Product 5865,32,32.48
KE,Product 5866,97,8.65
MA,Product 5867,24,26.54
GH,Product 5868,35,21.83
GH,Product 5869,43,65.76
NG,Product 5870,66,3.49
KE,Product 5871,27,20.60
KE,Product 5872,30,21.17
MA,Product 5873,94,87.74
KE,Product 5874,38,33.62
NG,Product 5875,65,59.20
ZA,Product 5876,18,22.35
ZA,Product 5877,40,93.15
MA,Product 5878,81,46.33
MA,Product 5879,76,79.34
ZA,Product 5880,89,91.35
NG,Product 5881,10,60.73
KE,Product 5882,48,9.82
GH,Product 5883,54,58.39
KE,Product 5884,22,12.79
ZA,Product 5885,50,14.51
ZA,Product 5886,10,66.45
KE,Product 5887,71,25.60
ZA,Product 5888,20,15.74
MA,Product 5889,45,93.91
MA,Product 5890,90,44.59
KE,Product 5891,98,78.56
NG,Product 5892,41,4.80
GH,Product 5893,76,89.73
KE,Product 5894,53,18.51
GH,Product 5895,55,61.52
ZA,Product 5896,20,64.57
MA,Product 5897,87,48.14
ZA,Product 5898,16,25.02
GH,Product 5899,7,57.91
GH,Product 5900,51,48.53
MA,Product 5901,76,97.35
ZA,Product 5902,30,30.34
GH,Product 5903,71,71.14
ZA,Product 5904,89,41.80
GH,Product 5905,68,99.98
MA,Product 5906,22,63.05
NG,Product 5907,45,98.36
MA,Product 5908,79,26.89
ZA,Product 5909,16,11.51
ZA,Product 5910,76,32.96
GH,Product 5911,26,95.53
KE,Product 5912,96,54.68
MA,Product 5913,10,76.71
KE,Product 5914,39,91.82
MA,Product 5915,37,89.01
GH,Product 5916,91,11.84
KE,Product 5917,71,26.04
GH,Product 5918,74,14.32
KE,Product 5919,51,39.23
KE,Product 5920,7,59.89
KE,Product 5921,30,78.48
KE,Product 5922,45,11.82
ZA,Product 5923,74,93.20
KE,Product 5924,14,52.74
NG,Product 5925,87,93.39
KE,Product 5926,95,17.08
KE,Product 5927,70,67.12
ZA,Product 5928,36,70.83
MA,Product 5929,2,25.39
GH,Product 5930,34,32.88
ZA,Product 5931,64,46.56
MA,Product 5932,42,20.18
ZA,Product 5933,24,6.10
NG,Product 5934,65,51.60
KE,Product 5935,70,48.28
GH,Product 5936,19,69.04
ZA,Product 5937,63,93.47
MA,Product 5938,25,93.05
GH,Product 5939,4,83.77
GH,Product 5940,81,71.34
NG,Product 5941,75,5.11
GH,Product 5942,21,45.59
GH,Product 5943,49,33.81
NG,Product 5944,48,22.46
MA,Product 5945,91,22.31
MA,Product 5946,82,37.65
MA,Product 5947,35,9.84
GH,Product 5948,5,24.07
KE,Product 5949,12,73.63
KE,Product 5950,49,61.14
NG,Product 5951,88,91.62
GH,Product 5952,40,76.26
MA,Product 5953,54,80.02
ZA,Product 5954,85,84.75
MA,Product 5955,66,29.21
GH,Product 5956,87,70.29
GH,Product 5957,82,89.76
KE,Product 5958,8,53.83
MA,Product 5959,32,44.68
ZA,Product 5960,79,29.23
MA,Product 5961,30,19.81
MA,Product 5962,20,22.54
MA,Product 5963,21,90.78
NG,Product 5964,45,1.28
GH,Product 5965,93,8.29
MA,Product 5966,67,4.54
NG,Product 5967,83,63.85
NG,Product 5968,3,4.18
MA,Product 5969,47,35.11
ZA,Product 5970,17,59.05
GH,Product 5971,4,2.29
NG,Product 5972,19,87.75
KE,Product 5973,20,7.92
MA,Product 5974,16,88.01
MA,Product 5975,74,40.98
GH,Product 5976,3,20.16
NG,Product 5977,64,62.91
ZA,Product 5978,4,90.28
MA,Product 5979,99,57.18
GH,Product 5980,90,42.20
MA,Product 5981,44,82.42
ZA,Product 5982,85,19.20
KE,Product 5983,88,48.22
KE,Product 5984,67,78.52
ZA,Product 5985,76,61.67
ZA,Product 5986,70,24.59
GH,Product 5987,85,80.17
MA,Product 5988,76,16.90
GH,Product 5989,61,64.39
ZA,Product 5990,66,7.35
MA,Product 5991,95,74.70
ZA,Product 5992,34,10.01
ZA,Product 5993,41,13.94
KE,Product 5994,85,30.88
GH,Product 5995,81,76.82
NG,Product 5996,25,7.19
ZA,Product 5997,48,61.90
ZA,Product 5998,95,57.74
KE,Product 5999,42,76.44
ZA,Product 6000,64,54.70
NG,Product 6001,41,20.31
MA,Product 6002,6,86.40
MA,Product 6003,23,94.77
NG,Product 6004,30,54.63
NG,Product 6005,62,47.62
NG,Product 6006,73,73.67
MA,Product 6007,73,66.76
KE,Product 6008,65,30.32
NG,Product 6009,64,38.94
MA,Product 6010,37,30.52
MA,Product 6011,92,25.59
ZA,Product 6012,67,45.91
NG,Product 6013,44,62.59
ZA,Product 6014,90,89.16
MA,Product 6015,43,85.44
NG,Product 6016,75,50.10
GH,Product 6017,36,48.03
ZA,Product 6018,43,16.22
NG,Product 6019,49,78.72
GH,Product 6020,85,54.25
MA,Product 6021,90,90.73
GH,Product 6022,10,90.21
KE,Product 6023,52,55.45
NG,Product 6024,95,60.85
NG,Product 6025,67,47.16
MA,Product 6026,8,57.80
GH,Product 6027,37,67.63
KE,Product 6028,79,0.84
MA,Product 6029,3,95.14
GH,Product 6030,39,41.36
GH,Product 6031,48,2.40
ZA,Product 6032,77,97.41
MA,Product 6033,14,93.72
MA,Product 6034,50,72.00
GH,Product 6035,32,51.19
MA,Product 6036,33,24.91
GH,Product 6037,50,29.98
MA,Product 6038,86,94.85
GH,Product 6039,7,40.02
KE,Product 6040,18,86.18
ZA,Product 6041,38,15.26
GH,Product 6042,66,96.38
ZA,Product 6043,37,44.96
GH,Product 6044,21,0.84
GH,Product 6045,77,17.26
GH,Product 6046,38,93.39
MA,Product 6047,61,26.56
GH,Product 6048,20,87.28
GH,Product 6049,52,46.22
MA,Product 6050,23,18.75
GH,Product 6051,66,11.19
GH,Product 6052,38,53.56
KE,Product 6053,35,45.20
ZA,Product 6054,32,99.65
GH,Product 6055,2,7.73
GH,Product 6056,34,58.52
MA,Product 6057,70,29.43
NG,Product 6058,92,8.34
ZA,Product 6059,27,41.25
MA,Product 6060,67,21.54
GH,Product 6061,25,91.03
GH,Product 6062,95,55.91
ZA,Product 6063,63,6.24
GH,Product 6064,83,9.41
MA,Product 6065,41,2.49
NG,Product 6066,81,63.80
KE,Product 6067,27,16.24
NG,Product 6068,60,52.28
MA,Product 6069,6,1.37
ZA,Product 6070,93,89.45
NG,Product 6071,21,24.08
ZA,Product 6072,9,62.03
KE,Product 6073,16,85.79
MA,Product 6074,88,95.37
KE,Product 6075,19,51.13
KE,Product 6076,46,59.01
NG,Product 6077,40,1.76
MA,Product 6078,9,92.22
MA,Product 6079,73,13.65
MA,Product 6080,33,50.99
KE,Product 6081,10,9.54
ZA,Product 6082,80,1.38
MA,Product 6083,4,32.63
MA,Product 6084,99,74.18
MA,Product 6085,0,96.18
KE,Product 6086,92,6.17
KE,Product 6087,19,21.01
MA,Product 6088,53,23.25
NG,Product 6089,31,85.08
NG,Product 6090,35,44.69
MA,Product 6091,44,58.79
GH,Product 6092,31,1.05
ZA,Product 6093,68,14.81
KE,Product 6094,81,90.75
KE,Product 6095,46,63.88
GH,Product 6096,68,29.27
GH,Product 6097,90,27.44
NG,Product 6098,22,48.21
NG,Product 6099,91,36.20
KE,Product 6100,98,9.58
KE,Product 6101,86,10.36
KE,Product 6102,15,37.88
MA,Product 6103,68,69.36
ZA,Product 6104,71,9.08
GH,Product 6105,4,18.31
NG,Product 6106,31,92.03
ZA,Product 6107,82,97.80
ZA,Product 6108,19,20.34
MA,Product 6109,93,35.67
NG,Product 6110,72,22.76
MA,Product 6111,35,69.68
NG,Product 6112,88,83.63
MA,Product 6113,73,32.72
NG,Product 6114,91,39.31
KE,Product 6115,44,55.07
NG,Product 6116,97,51.60
NG,Product 6117,23,61.94
KE,Product 6118,2,47.72
GH,Product 6119,56,67.06
NG,Product 6120,49,47.34
ZA,Product 6121,20,26.55
NG,Product 6122,92,92.75
KE,Product 6123,44,70.38
GH,Product 6124,14,65.00
ZA,Product 6125,53,45.51
GH,Product 6126,61,81.10
MA,Product 6127,11,58.84
GH,Product 6128,59,5.74
MA,Product 6129,64,17.09
GH,Product 6130,62,99.44
NG,Product 6131,0,61.74
ZA,Product 6132,79,34.44
KE,Product 6133,17,14.91
KE,Product 6134,60,2.80
ZA,Product 6135,2,84.78
GH,Product 6136,20,17.72
GH,Product 6137,36,71.97
ZA,Product 6138,25,6.63
MA,Product 6139,35,82.52
ZA,Product 6140,3,35.17
MA,Product 6141,53,77.10
NG,Product 6142,19,32.75
ZA,Product 6143,47,77.94
NG,Product 6144,33,35.16
KE,Product 6145,67,87.40
MA,Product 6146,65,29.80
NG,Product 6147,98,39.40
MA,Product 6148,78,30.15
ZA,Product 6149,40,70.20
NG,Product 6150,9,82.05
KE,Product 6151,86,48.99
ZA,Product 6152,0,40.68
ZA,Product 6153,13,44.57
ZA,Product 6154,66,88.95
ZA,Product 6155,54,30.51
KE,Product 6156,18,28.59
MA,Product 6157,70,18.31
NG,Product 6158,25,76.97
NG,Product 6159,28,42.03
GH,Product 6160,16,83.94
NG,Product 6161,49,42.51
MA,Product 6162,13,13.11
ZA,Product 6163,42,87.17
KE,Product 6164,67,46.07
KE,Product 6165,82,44.12
MA,Product 6166,57,41.36
KE,Product 6167,0,77.87
GH,Product 6168,57,16.22
KE,Product 6169,76,43.31
KE,Product 6170,31,40.06
NG,Product 6171,41,76.52
KE,Product 6172,15,74.17
NG,Product 6173,81,29.87
NG,Product 6174,47,9.06
MA,Product 6175,34,10.61
GH,Product 6176,18,40.18
KE,Product 6177,59,24.17
GH,Product 6178,48,63.87
NG,Product 6179,94,26.45
NG,Product 6180,21,77.60
ZA,Product 6181,44,62.32
NG,Product 6182,90,69.92
ZA,Product 6183,50,50.09
NG,Product 6184,50,22.96
NG,Product 6185,60,73.48
ZA,Product 6186,5,42.50
MA,Product 6187,98,58.72
ZA,Product 6188,31,52.60
ZA,Product 6189,16,37.31
ZA,Product 6190,24,21.61
GH,Product 6191,66,43.24
ZA,Product 6192,0,47.99
GH,Product 6193,69,71.96
GH,Product 6194,84,38.57
ZA,Product 6195,50,58.93
MA,Product 6196,33,24.97
NG,Product 6197,43,44.71
GH,Product 6198,17,38.12
ZA,Product 6199,4,17.77
NG,Product 6200,63,10.61
ZA,Product 6201,24,39.24
KE,Product 6202,83,64.42
NG,Product 6203,61,30.97
NG,Product 6204,23,99.00
GH,Product 6205,73,10.92
ZA,Product 6206,57,56.54
NG,Product 6207,15,30.60
KE,Product 6208,40,30.49
KE,Product 6209,8,66.85
MA,Product 6210,20,49.56
GH,Product 6211,4,23.09
GH,Product 6212,90,54.38
KE,Product 6213,98,85.41
NG,Product 6214,28,30.95
GH,Product 6215,21,37.09
KE,Product 6216,97,91.58
GH,Product 6217,9,1.74
ZA,Product 6218,3,70.64
ZA,Product 6219,82,16.41
KE,Product 6220,36,36.75
ZA,Product 6221,2,24.27
GH,Product 6222,74,78.73
KE,Product 6223,41,96.90
NG,Product 6224,29,14.26
MA,Product 6225,27,47.43
NG,Product 6226,11,38.36
NG,Product 6227,0,93.53
MA,Product 6228,8,99.93
MA,Product 6229,15,10.93
ZA,Product 6230,17,24.78
KE,Product 6231,21,25.33
KE,Product 6232,28,34.58
ZA,Product 6233,41,37.40
KE,Product 6234,76,19.70
GH,Product 6235,35,80.19
MA,Product 6236,2,77.17
MA,Product 6237,62,36.21
NG,Product 6238,17,49.26
MA,Product 6239,78,43.60
NG,Product 6240,90,20.82
NG,Product 6241,94,3.49
ZA,Product 6242,89,74.18
MA,Product 6243,74,6.71
GH,Product 6244,75,17.55
GH,Product 6245,74,87.64
ZA,Product 6246,1,32.53
KE,Product 6247,36,74.82
ZA,Product 6248,16,85.72
MA,Product 6249,63,74.61
KE,Product 6250,9,78.44
KE,Product 6251,83,8.15
GH,Product 6252,68,36.22
ZA,Product 6253,27,29.32
GH,Product 6254,74,14.61
KE,Product 6255,33,83.68
GH,Product 6256,2,67.73
ZA,Product 6257,75,95.34
NG,Product 6258,91,60.73
GH,Product 6259,51,58.78
GH,Product 6260,82,34.52
ZA,Product 6261,59,55.66
NG,Product 6262,69,52.77
ZA,Product 6263,36,41.48
MA,Product 6264,62,7.60
GH,Product 6265,23,60.67
KE,Product 6266,97,62.15
ZA,Product 6267,78,19.79
NG,Product 6268,14,93.86
GH,Product 6269,51,70.04
NG,Product 6270,46,6.84
ZA,Product 6271,74,99.20
GH,Product 6272,23,3.43
NG,Product 6273,94,82.33
GH,Product 6274,28,8.10
ZA,Product 6275,61,66.07
MA,Product 6276,67,72.74
GH,Product 6277,46,87.29
MA,Product 6278,73,22.11
ZA,Product 6279,85,52.30
ZA,Product 6280,11,95.88
MA,Product 6281,77,73.80
NG,Product 6282,75,63.72
MA,Product 6283,2,36.32
ZA,Product 6284,23,69.98
MA,Product 6285,46,43.21
GH,Product 6286,63,74.77
ZA,Product 6287,19,17.25
ZA,Product 6288,0,25.92
GH,Product 6289,28,5.42
MA,Product 6290,35,14.44
MA,Product 6291,72,19.10
NG,Product 6292,68,37.79
GH,Product 6293,81,37.90
MA,Product 6294,53,83.26
NG,Product 6295,28,87.14
KE,Product 6296,23,10.48
MA,Product 6297,98,61.35
NG,Product 6298,72,26.64
NG,Product 6299,93,34.21
NG,Product 6300,97,66.12
NG,Product 6301,15,26.63
NG,Product 6302,73,35.10
MA,Product 6303,30,21.47
NG,Product 6304,79,17.14
MA,Product 6305,95,50.19
NG,Product 6306,27,88.70
ZA,Product 6307,79,87.15
ZA,Product 6308,46,48.89
KE,Product 6309,95,58.23
NG,Product 6310,12,74.42
KE,Product 6311,28,92.24
ZA,Product 6312,12,89.17
MA,Product 6313,13,92.57
NG,Product 6314,57,9.80
GH,Product 6315,32,31.26
MA,Product 6316,44,41.04
ZA,Product 6317,61,75.88
MA,Product 6318,49,66.26
NG,Product 6319,52,96.20
NG,Product 6320,61,83.33
KE,Product 6321,87,82.31
ZA,Product 6322,19,41.41
GH,Product 6323,30,5.71
ZA,Product 6324,76,35.70
ZA,Product 6325,7,93.23
KE,Product 6326,73,42.74
KE,Product 6327,76,11.74
MA,Product 6328,5,45.51
KE,Product 6329,9,68.08
MA,Product 6330,78,72.10
KE,Product 6331,98,52.17
GH,Product 6332,95,62.33
MA,Product 6333,98,13.96
ZA,Product 6334,25,42.86
KE,Product 6335,29,95.87
KE,Product 6336,67,46.47
MA,Product 6337,40,60.94
GH,Product 6338,52,8.76
NG,Product 6339,2,51.88
ZA,Product 6340,66,36.98
ZA,Product 6341,33,44.63
MA,Product 6342,47,76.98
KE,Product 6343,8,42.07
NG,Product 6344,66,13.39
GH,Product 6345,19,6.17
GH,Product 6346,4,21.76
NG,Product 6347,28,57.56
ZA,Product 6348,72,12.58
MA,Product 6349,51,80.96
KE,Product 6350,81,87.01
GH,Product 6351,22,79.26
GH,Product 6352,73,78.49
GH,Product 6353,16,82.63
KE,Product 6354,8,56.70
MA,Product 6355,19,76.57
NG,Product 6356,12,90.56
KE,Product 6357,83,74.01
GH,Product 6358,46,14.58
KE,Product 6359,43,32.70
ZA,Product 6360,75,23.84
NG,Product 6361,35,2.21
MA,Product 6362,66,78.53
ZA,Product 6363,33,33.43
MA,Product 6364,15,8.63
NG,Product 6365,49,63.14
MA,Product 6366,72,52.67
KE,Product 6367,71,91.60
GH,Product 6368,49,66.35
KE,Product 6369,25,47.64
NG,Product 6370,32,98.71
KE,Product 6371,29,0.29
NG,Product 6372,85,42.95
GH,Product 6373,86,69.56
MA,Product 6374,25,31.45
NG,Product 6375,24,53.20
GH,Product 6376,12,8.99
GH,Product 6377,1,35.54
MA,Product 6378,43,83.47
GH,Product 6379,78,44.09
KE,Product 6380,4,85.05
ZA,Product 6381,47,1.12
MA,Product 6382,96,13.63
ZA,Product 6383,8,47.43
KE,Product 6384,72,74.36
ZA,Product 6385,94,33.67
GH,Product 6386,59,54.84
NG,Product 6387,48,69.67
NG,Product 6388,74,34.79
MA,Product 6389,35,9.63
ZA,Product 6390,65,46.38
MA,Product 6391,20,92.51
MA,Product 6392,61,93.85
KE,Product 6393,80,34.73
GH,Product 6394,50,36.72
NG,Product 6395,80,59.84
MA,Product 6396,51,54.27
NG,Product 6397,42,62.14
GH,Product 6398,56,24.91
MA,Product 6399,27,61.02
GH,Product 6400,3,69.76
ZA,Product 6401,74,30.46
ZA,Product 6402,82,72.88
MA,Product 6403,29,73.72
ZA,Product 6404,37,56.78
NG,Product 6405,3,79.09
MA,Product 6406,10,59.47
MA,Product 6407,13,68.75
KE,Product 6408,2,39.46
NG,Product 6409,0,15.99
GH,Product 6410,55,95.51
KE,Product 6411,51,27.82
MA,Product 6412,35,0.42
GH,Product 6413,8,69.88
ZA,Product 6414,95,38.10
ZA,Product 6415,28,93.65
NG,Product 6416,70,10.77
KE,Product 6417,52,72.11
NG,Product 6418,58,58.44
NG,Product 6419,17,65.05
KE,Product 6420,78,70.59
ZA,Product 6421,13,69.17
NG,Product 6422,51,59.83
MA,Product 6423,55,37.18
ZA,Product 6424,54,38.61
MA,Product 6425,87,51.61
ZA,Product 6426,12,21.66
ZA,Product 6427,8,36.95
KE,Product 6428,11,18.67
ZA,Product 6429,25,51.16
MA,Product 6430,26,24.86
MA,Product 6431,82,92.91
KE,Product 6432,27,0.38
GH,Product 6433,2,36.64
ZA,Product 6434,3,0.18
ZA,Product 6435,64,33.13
KE,Product 6436,9,91.19
NG,Product 6437,91,64.87
MA,Product 6438,49,58.00
ZA,Product 6439,96,28.13
MA,Product 6440,1,76.47
KE,Product 6441,92,62.64
ZA,Product 6442,23,5.16
NG,Product 6443,42,19.97
KE,Product 6444,2,9.79
KE,Product 6445,43,67.63
ZA,Product 6446,70,1.65
MA,Product 6447,15,70.93
NG,Product 6448,4,21.52
ZA,Product 6449,83,2.35
MA,Product 6450,8,12.35
ZA,Product 6451,61,81.30
KE,Product 6452,85,15.76
MA,Product 6453,58,75.39
ZA,Product 6454,41,95.30
MA,Product 6455,25,46.68
GH,Product 6456,36,37.26
MA,Product 6457,44,22.22
GH,Product 6458,95,92.23
NG,Product 6459,99,55.25
MA,Product 6460,39,53.68
NG,Product 6461,49,26.33
KE,Product 6462,64,77.58
NG,Product 6463,66,44.21
MA,Product 6464,85,5.89
NG,Product 6465,41,85.52
NG,Product 6466,78,11.34
GH,Product 6467,5,12.17
ZA,Product 6468,45,37.44
ZA,Product 6469,49,21.99
ZA,Product 6470,71,66.36
ZA,Product 6471,57,52.72
GH,Product 6472,72,55.98
GH,Product 6473,84,87.99
GH,Product 6474,74,70.30
NG,Product 6475,31,51.39
MA,Product 6476,88,18.20
KE,Product 6477,67,80.70
GH,Product 6478,94,65.20
MA,Product 6479,30,25.29
MA,Product 6480,43,75.31
GH,Product 6481,84,20.31
MA,Product 6482,11,56.29
ZA,Product 6483,18,13.04
KE,Product 6484,73,52.49
KE,Product 6485,42,20.85
NG,Product 6486,51,99.73
KE,Product 6487,44,12.82
MA,Product 6488,51,85.64
KE,Product 6489,51,1.14
NG,Product 6490,20,92.70
NG,Product 6491,66,80.12
GH,Product 6492,15,42.35
NG,Product 6493,69,99.58
GH,Product 6494,89,16.73
MA,Product 6495,14,69.26
KE,Product 6496,32,27.99
KE,Product 6497,3,19.52
GH,Product 6498,71,16.10
ZA,Product 6499,35,20.72
ZA,Product 6500,50,66.37
GH,Product 6501,71,84.13
ZA,Product 6502,10,54.63
MA,Product 6503,88,52.18
NG,Product 6504,6,35.26
GH,Product 6505,22,79.57
ZA,Product 6506,1,21.19
GH,Product 6507,7,38.14
KE,Product 6508,59,40.87
NG,Product 6509,6,34.66
ZA,Product 6510,85,23.41
GH,Product 6511,78,76.25
GH,Product 6512,44,41.79
GH,Product 6513,43,19.22
NG,Product 6514,23,92.04
KE,Product 6515,64,99.09
KE,Product 6516,50,15.72
ZA,Product 6517,51,20.33
KE,Product 6518,83,67.86
MA,Product 6519,37,54.82
KE,Product 6520,81,12.03
ZA,Product 6521,13,61.86
MA,Product 6522,53,74.09
ZA,Product 6523,12,39.66
GH,Product 6524,98,12.74
ZA,Product 6525,88,40.22
NG,Product 6526,16,87.91
ZA,Product 6527,16,60.84
GH,Product 6528,15,35.15
KE,Product 6529,5,1.50
GH,Product 6530,52,17.36
ZA,Product 6531,58,8.76
KE,Product 6532,49,18.71
GH,Product 6533,29,40.84
ZA,Product 6534,25,96.40
NG,Product 6535,43,50.45
MA,Product 6536,7,81.80
KE,Product 6537,9,82.32
NG,Product 6538,25,63.61
GH,Product 6539,93,65.85
MA,Product 6540,5,37.55
ZA,Product 6541,72,71.09
NG,Product 6542,33,37.28
ZA,Product 6543,85,52.01
MA,Product 6544,25,96.24
MA,Product 6545,39,84.91
NG,Product 6546,81,70.73
KE,Product 6547,50,88.01
ZA,Product 6548,97,10.54
ZA,Product 6549,50,76.02
GH,Product 6550,25,14.76
ZA,Product 6551,30,70.62
NG,Product 6552,41,65.72
KE,Product 6553,52,2.13
NG,Product 6554,4,68.82
MA,Product 6555,65,19.02
ZA,Product 6556,7,75.46
ZA,Product 6557,78,25.72
KE,Product 6558,50,23.53
KE,Product 6559,86,46.53
ZA,Product 6560,36,51.92
MA,Product 6561,53,3.95
KE,Product 6562,32,80.39
NG,Product 6563,35,45.11
KE,Product 6564,24,63.60
MA,Product 6565,87,99.57
MA,Product 6566,65,28.43
GH,Product 6567,1,49.81
ZA,Product 6568,90,24.95
ZA,Product 6569,9,27.71
ZA,Product 6570,95,49.85
MA,Product 6571,76,54.20
ZA,Product 6572,21,60.59
NG,Product 6573,97,19.30
MA,Product 6574,92,11.89
ZA,Product 6575,95,16.74
KE,Product 6576,36,54.38
KE,Product 6577,32,69.66
MA,Product 6578,69,83.04
GH,Product 6579,98,97.10
ZA,Product 6580,0,27.24
ZA,Product 6581,4,40.06
MA,Product 6582,27,94.31
ZA,Product 6583,70,73.73
GH,Product 6584,62,57.86
MA,Product 6585,98,12.99
KE,Product 6586,98,95.68
MA,Product 6587,27,7.53
NG,Product 6588,90,59.26
MA,Product 6589,38,72.19
MA,Product 6590,16,64.83
KE,Product 6591,54,97.97
KE,Product 6592,3,15.92
NG,Product 6593,77,56.83
GH,Product 6594,70,52.81
NG,Product 6595,36,47.07
MA,Product 6596,48,86.39
GH,Product 6597,31,64.10
ZA,Product 6598,98,11.46
ZA,Product 6599,82,25.47
ZA,Product 6600,61,50.20
GH,Product 6601,18,29.15
ZA,Product 6602,3,18.66
ZA,Product 6603,99,56.02
KE,Product 6604,81,76.35
MA,Product 6605,74,93.14
ZA,Product 6606,60,30.65
KE,Product 6607,40,57.11
MA,Product 6608,18,0.33
KE,Product 6609,73,78.81
NG,Product 6610,17,61.21
GH,Product 6611,57,56.78
GH,Product 6612,85,85.51
MA,Product 6613,76,70.07
MA,Product 6614,38,26.57
MA,Product 6615,6,88.32
KE,Product 6616,80,89.73
KE,Product 6617,24,17.39
NG,Product 6618,47,64.40
ZA,Product 6619,15,14.73
NG,Product 6620,55,60.99
ZA,Product 6621,33,73.80
MA,Product 6622,90,2.41
ZA,Product 6623,11,67.15
MA,Product 6624,7,85.97
KE,Product 6625,18,37.97
MA,Product 6626,85,80.27
KE,Product 6627,65,17.36
MA,Product 6628,88,50.86
MA,Product 6629,23,65.46
NG,Product 6630,77,47.09
MA,Product 6631,96,90.86
MA,Product 6632,29,39.29
MA,Product 6633,49,82.82
MA,Product 6634,57,58.38
MA,Product 6635,99,46.46
NG,Product 6636,79,21.02
NG,Product 6637,21,41.21
NG,Product 6638,8,65.08
NG,Product 6639,65,30.96
ZA,Product 6640,60,95.74
GH,Product 6641,70,73.14
KE,Product 6642,26,51.89
MA,Product 6643,57,39.07
MA,Product 6644,7,98.35
ZA,Product 6645,45,46.73
ZA,Product 6646,38,74.92
NG,Product 6647,82,57.67
KE,Product 6648,51,33.89
GH,Product 6649,42,91.99
NG,Product 6650,80,88.14
ZA,Product 6651,4,68.38
ZA,Product 6652,66,99.75
KE,Product 6653,49,91.43
GH,Product 6654,6,31.48
GH,Product 6655,70,45.30
NG,Product 6656,50,92.69
NG,Product 6657,88,32.97
KE,Product 6658,71,16.34
KE,Product 6659,46,45.90
KE,Product 6660,21,48.57
GH,Product 6661,77,33.69
ZA,Product 6662,95,31.66
ZA,Product 6663,53,79.08
KE,Product 6664,95,20.04
NG,Product 6665,37,90.46
KE,Product 6666,9,96.29
KE,Product 6667,75,45.24
ZA,Product 6668,69,25.73
GH,Product 6669,99,82.18
ZA,Product 6670,15,88.13
ZA,Product 6671,74,98.60
KE,Product 6672,7,63.33
ZA,Product 6673,68,90.25
MA,Product 6674,80,89.12
NG,Product 6675,10,60.08
NG,Product 6676,78,62.61
KE,Product 6677,88,40.28
KE,Product 6678,87,80.23
KE,Product 6679,49,75.12
GH,Product 6680,42,53.41
MA,Product 6681,49,37.82
MA,Product 6682,71,27.33
NG,Product 6683,95,19.55
GH,Product 6684,74,21.09
NG,Product 6685,60,74.65
KE,Product 6686,12,84.96
NG,Product 6687,70,99.48
GH,Product 6688,61,82.79
GH,Product 6689,64,61.26
ZA,Product 6690,23,49.77
GH,Product 6691,31,16.03
MA,Product 6692,80,16.91
NG,Product 6693,34,97.23
ZA,Product 6694,80,93.66
MA,Product 6695,56,12.04
KE,Product 6696,93,96.01
MA,Product 6697,25,95.58
MA,Product 6698,96,65.37
KE,Product 6699,97,29.28
KE,Product 6700,25,11.10
KE,Product 6701,26,62.61
GH,Product 6702,13,31.02
NG,Product 6703,74,69.83
MA,Product 6704,72,82.68
ZA,Product 6705,25,60.87
NG,Product 6706,22,62.14
KE,Product 6707,33,78.41
NG,Product 6708,52,87.76
KE,Product 6709,94,83.04
NG,Product 6710,30,6.36
GH,Product 6711,97,73.91
ZA,Product 6712,37,44.78
ZA,Product 6713,2,80.60
NG,Product 6714,16,93.61
NG,Product 6715,48,67.31
MA,Product 6716,30,83.62
GH,Product 6717,75,52.69
ZA,Product 6718,3,27.06
NG,Product 6719,28,69.72
MA,Product 6720,62,96.92
KE,Product 6721,79,63.05
ZA,Product 6722,74,10.86
KE,Product 6723,90,93.06
NG,Product 6724,91,31.49
ZA,Product 6725,1,20.75
KE,Product 6726,26,94.24
ZA,Product 6727,26,41.60
KE,Product 6728,62,0.78
NG,Product 6729,32,14.89
KE,Product 6730,22,53.26
NG,Product 6731,9,76.38
NG,Product 6732,23,0.78
NG,Product 6733,52,42.51
GH,Product 6734,29,81.54
ZA,Product 6735,56,88.92
NG,Product 6736,82,60.74
KE,Product 6737,64,10.02
NG,Product 6738,11,14.61
KE,Product 6739,4,29.30
MA,Product 6740,38,82.71
ZA,Product 6741,42,48.32
KE,Product 6742,63,92.57
NG,Product 6743,46,3.95
KE,Product 6744,14,60.82
ZA,Product 6745,94,75.13
MA,Product 6746,30,30.14
KE,Product 6747,87,44.04
NG,Product 6748,62,60.13
MA,Product 6749,87,45.13
MA,Product 6750,15,88.05
MA,Product 6751,15,21.15
KE,Product 6752,3,28.82
ZA,Product 6753,66,64.40
GH,Product 6754,60,31.08
ZA,Product 6755,89,75.94
MA,Product 6756,74,97.12
NG,Product 6757,7,18.77
NG,Product 6758,45,9.02
MA,Product 6759,9,57.27
GH,Product 6760,60,38.47
MA,Product 6761,83,69.39
ZA,Product 6762,16,79.31
KE,Product 6763,83,31.67
MA,Product 6764,54,38.97
GH,Product 6765,18,46.43
MA,Product 6766,80,87.37
KE,Product 6767,5,26.99
NG,Product 6768,79,45.15
NG,Product 6769,99,6.22
GH,Product 6770,17,61.41
KE,Product 6771,87,19.85
NG,Product 6772,26,97.49
KE,Product 6773,86,48.78
ZA,Product 6774,26,61.93
ZA,Product 6775,2,95.49
GH,Product 6776,67,88.56
NG,Product 6777,25,55.97
NG,Product 6778,59,36.60
KE,Product 6779,54,57.72
GH,Product 6780,3,97.05
GH,Product 6781,4,57.41
NG,Product 6782,92,82.03
MA,Product 6783,1,52.86
ZA,Product 6784,17,2.13
MA,Product 6785,74,28.56
ZA,Product 6786,98,55.60
GH,Product 6787,30,48.12
MA,Product 6788,14,97.40
KE,Product 6789,70,13.07
MA,Product 6790,20,19.71
MA,Product 6791,34,96.38
KE,Product 6792,46,5.94
NG,Product 6793,68,70.10
KE,Product 6794,39,67.43
ZA,Product 6795,47,98.50
MA,Product 6796,0,4.40
NG,Product 6797,60,63.84
NG,Product 6798,72,4.90
GH,Product 6799,86,50.81
KE,Product 6800,60,91.81
KE,Product 6801,36,90.44
KE,Product 6802,15,22.13
ZA,Product 6803,84,40.98
NG,Product 6804,45,43.39
KE,Product 6805,87,20.29
KE,Product 6806,40,15.77
GH,Product 6807,18,46.74
NG,Product 6808,47,13.98
GH,Product 6809,27,49.15
ZA,Product 6810,89,29.29
MA,Product 6811,74,78.61
ZA,Product 6812,5,2.16
GH,Product 6813,95,29.49
NG,Product 6814,45,60.44
GH,Product 6815,42,63.32
KE,Product 6816,51,93.96
MA,Product 6817,64,6.64
KE,Product 6818,38,58.85
NG,Product 6819,44,38.26
MA,Product 6820,69,88.42
KE,Product 6821,13,1.42
GH,Product 6822,90,45.88
ZA,Product 6823,84,36.70
KE,Product 6824,82,9.18
MA,Product 6825,99,61.10
GH,Product 6826,20,62.83
ZA,Product 6827,67,93.59
GH,Product 6828,94,98.49
KE,Product 6829,0,22.67
GH,Product 6830,18,92.63
NG,Product 6831,48,42.79
GH,Product 6832,36,4.78
GH,Product 6833,52,40.83
KE,Product 6834,31,59.85
ZA,Product 6835,67,1.79
MA,Product 6836,18,78.64
NG,Product 6837,69,20.08
KE,Product 6838,46,98.02
ZA,Product 6839,83,70.09
ZA,Product 6840,96,97.76
KE,Product 6841,59,91.86
NG,Product 6842,97,24.46
ZA,Product 6843,47,15.00
ZA,Product 6844,97,15.41
GH,Product 6845,70,99.75
KE,Product 6846,56,63.60
KE,Product 6847,51,52.99
GH,Product 6848,99,6.02
GH,Product 6849,39,13.10
NG,Product 6850,55,34.81
GH,Product 6851,39,84.51
GH,Product 6852,99,17.75
GH,Product 6853,40,80.20
MA,Product 6854,17,58.22
NG,Product 6855,59,16.38
GH,Product 6856,19,6.08
ZA,Product 6857,37,40.10
ZA,Product 6858,35,42.80
GH,Product 6859,85,70.82
KE,Product 6860,20,55.85
GH,Product 6861,17,6.64
MA,Product 6862,30,21.22
GH,Product 6863,78,50.24
GH,Product 6864,55,82.62
ZA,Product 6865,64,48.14
ZA,Product 6866,27,59.96
MA,Product 6867,31,26.35
GH,Product 6868,89,46.84
ZA,Product 6869,96,19.32
GH,Product 6870,79,86.69
GH,Product 6871,69,32.73
NG,Product 6872,50,72.50
NG,Product 6873,49,56.56
ZA,Product 6874,79,87.39
ZA,Product 6875,1,31.27
KE,Product 6876,23,66.30
GH,Product 6877,24,5.72
GH,Product 6878,74,20.71
GH,Product 6879,43,99.28
ZA,Product 6880,2,71.02
ZA,Product 6881,49,68.80
GH,Product 6882,27,4.76
ZA,Product 6883,51,40.94
NG,Product 6884,64,7.49
ZA,Product 6885,80,96.62
ZA,Product 6886,2,39.19
ZA,Product 6887,42,3.86
NG,Product 6888,93,51.56
GH,Product 6889,23,39.04
NG,Product 6890,22,79.29
KE,Product 6891,4,76.29
MA,Product 6892,52,18.45
MA,Product 6893,60,79.50
NG,Product 6894,9,93.85
KE,Product 6895,10,67.73
MA,Product 6896,91,40.51
GH,Product 6897,82,82.18
GH,Product 6898,28,39.15
MA,Product 6899,68,43.53
GH,Product 6900,17,72.17
KE,Product 6901,62,40.96
GH,Product 6902,78,9.76
MA,Product 6903,33,22.35
ZA,Product 6904,59,96.23
NG,Product 6905,61,12.26
ZA,Product 6906,42,49.14
MA,Product 6907,81,48.17
ZA,Product 6908,40,89.60
NG,Product 6909,47,75.58
ZA,Product 6910,6,18.58
MA,Product 6911,85,32.37
GH,Product 6912,13,73.93
NG,Product 6913,22,15.70
MA,Product 6914,95,8.55
MA,Product 6915,32,32.28
GH,Product 6916,33,3.99
NG,Product 6917,81,89.91
MA,Product 6918,91,55.43
MA,Product 6919,99,57.85
NG,Product 6920,78,46.95
MA,Product 6921,91,13.49
GH,Product 6922,89,89.00
KE,Product 6923,51,76.79
MA,Product 6924,58,87.26
NG,Product 6925,50,19.94
ZA,Product 6926,25,78.03
MA,Product 6927,82,69.96
MA,Product 6928,77,27.91
GH,Product 6929,82,34.44
ZA,Product 6930,32,6.81
GH,Product 6931,19,63.73
ZA,Product 6932,3,21.35
MA,Product 6933,24,89.07
GH,Product 6934,99,56.74
MA,Product 6935,93,12.56
NG,Product 6936,50,41.94
KE,Product 6937,46,21.47
MA,Product 6938,13,32.56
GH,Product 6939,95,45.96
MA,Product 6940,39,18.46
GH,Product 6941,13,15.31
GH,Product 6942,97,16.02
NG,Product 6943,91,98.75
MA,Product 6944,58,95.93
MA,Product 6945,47,45.56
GH,Product 6946,81,6.64
GH,Product 6947,29,51.85
ZA,Product 6948,71,68.15
GH,Product 6949,47,93.11
MA,Product 6950,16,53.39
KE,Product 6951,96,59.68
KE,Product 6952,9,35.17
ZA,Product 6953,99,57.38
NG,Product 6954,29,22.37
NG,Product 6955,96,16.23
NG,Product 6956,90,49.55
ZA,Product 6957,73,30.83
ZA,Product 6958,37,58.33
ZA,Product 6959,34,8.63
MA,Product 6960,13,84.78
NG,Product 6961,82,49.20
NG,Product 6962,8,81.58
MA,Product 6963,31,16.32
MA,Product 6964,49,34.70
GH,Product 6965,0,35.42
ZA,Product 6966,85,92.73
KE,Product 6967,58,69.22
GH,Product 6968,11,27.25
MA,Product 6969,2,75.84
GH,Product 6970,57,47.96
KE,Product 6971,75,0.80
NG,Product 6972,10,95.59
ZA,Product 6973,69,93.58
ZA,Product 6974,87,73.61
MA,Product 6975,27,32.87
MA,Product 6976,32,19.03
GH,Product 6977,7,89.09
KE,Product 6978,51,17.63
MA,Product 6979,33,75.06
ZA,Product 6980,78,41.99
ZA,Product 6981,30,79.45
KE,Product 6982,96,60.12
MA,Product 6983,38,65.86
KE,Product 6984,11,5.65
MA,Product 6985,7,23.81
GH,Product 6986,70,69.70
MA,Product 6987,94,95.13
MA,Product 6988,83,0.81
ZA,Product 6989,46,24.51
GH,Product 6990,15,24.41
ZA,Product 6991,62,76.82
NG,Product 6992,15,52.66
ZA,Product 6993,3,3.15
GH,Product 6994,56,1.04
GH,Product 6995,27,26.76
NG,Product 6996,83,26.37
MA,Product 6997,18,73.71
GH,Product 6998,59,28.17
NG,Product 6999,41,18.30
ZA,Product 7000,69,83.68
KE,Product 7001,35,96.25
NG,Product 7002,70,58.39
NG,Product 7003,17,78.21
NG,Product 7004,34,92.27
KE,Product 7005,30,84.26
KE,Product 7006,68,77.32
NG,Product 7007,30,28.17
GH,Product 7008,90,66.41
MA,Product 7009,49,2.98
NG,Product 7010,69,12.53
GH,Product 7011,55,22.08
KE,Product 7012,51,40.75
NG,Product 7013,71,68.53
MA,Product 7014,60,33.69
MA,Product 7015,32,61.36
MA,Product 7016,35,98.09
MA,Product 7017,42,13.03
GH,Product 7018,95,41.64
NG,Product 7019,34,97.84
GH,Product 7020,78,50.16
ZA,Product 7021,90,14.59
NG,Product 7022,4,32.23
ZA,Product 7023,0,39.94
MA,Product 7024,50,48.22
NG,Product 7025,13,62.55
MA,Product 7026,33,70.37
GH,Product 7027,74,54.19
ZA,Product 7028,18,91.20
ZA,Product 7029,73,55.85
MA,Product 7030,20,64.44
GH,Product 7031,54,78.76
NG,Product 7032,0,35.31
ZA,Product 7033,85,63.40
MA,Product 7034,77,15.92
KE,Product 7035,26,64.26
GH,Product 7036,48,94.02
NG,Product 7037,9,4.16
GH,Product 7038,78,5.25
KE,Product 7039,44,40.76
MA,Product 7040,50,6.69
GH,Product 7041,38,40.12
KE,Product 7042,88,38.49
GH,Product 7043,78,74.94
MA,Product 7044,80,62.16
MA,Product 7045,56,61.22
GH,Product 7046,12,24.44
ZA,Product 7047,37,29.03
MA,Product 7048,20,29.41
GH,Product 7049,33,63.33
MA,Product 7050,39,23.49
GH,Product 7051,65,46.12
KE,Product 7052,79,85.89
ZA,Product 7053,93,32.84
MA,Product 7054,92,19.15
GH,Product 7055,84,90.91
ZA,Product 7056,88,9.67
NG,Product 7057,56,37.13
MA,Product 7058,76,51.95
GH,Product 7059,93,99.96
GH,Product 7060,3,10.49
GH,Product 7061,43,22.34
MA,Product 7062,57,24.58
ZA,Product 7063,13,35.40
KE,Product 7064,31,6.75
NG,Product 7065,46,26.46
NG,Product 7066,70,58.03
ZA,Product 7067,46,97.95
MA,Product 7068,69,71.11
GH,Product 7069,11,1.78
MA,Product 7070,77,29.79
KE,Product 7071,80,33.05
MA,Product 7072,36,10.20
MA,Product 7073,49,26.83
KE,Product 7074,76,90.54
ZA,Product 7075,41,20.89
GH,Product 7076,79,86.86
MA,Product 7077,92,56.58
KE,Product 7078,58,74.23
GH,Product 7079,92,25.45
ZA,Product 7080,23,58.62
KE,Product 7081,19,56.75
MA,Product 7082,33,65.08
GH,Product 7083,54,27.44
ZA,Product 7084,14,11.08
MA,Product 7085,93,34.77
ZA,Product 7086,26,62.35
GH,Product 7087,61,71.87
NG,Product 7088,28,80.20
KE,Product 7089,2,85.19
NG,Product 7090,73,28.29
KE,Product 7091,29,26.32
KE,Product 7092,82,85.36
KE,Product 7093,39,53.97
MA,Product 7094,42,14.55
NG,Product 7095,42,6.40
KE,Product 7096,53,42.17
KE,Product 7097,37,83.55
MA,Product 7098,79,7.80
KE,Product 7099,86,70.67
GH,Product 7100,34,46.01
NG,Product 7101,44,29.39
ZA,Product 7102,67,57.19
KE,Product 7103,64,40.69
GH,Product 7104,13,70.95
GH,Product 7105,62,95.15
NG,Product 7106,25,86.63
MA,Product 7107,5,89.19
ZA,Product 7108,3,90.38
GH,Product 7109,17,58.80
KE,Product 7110,67,30.95
KE,Product 7111,26,52.16
KE,Product 7112,59,71.17
ZA,Product 7113,71,38.90
ZA,Product 7114,57,66.73
GH,Product 7115,69,32.32
MA,Product 7116,7,8.42
KE,Product 7117,40,79.43
KE,Product 7118,40,73.27
KE,Product 7119,34,30.93
KE,Product 7120,87,41.44
NG,Product 7121,59,50.71
NG,Product 7122,51,80.99
ZA,Product 7123,71,30.73
KE,Product 7124,86,36.64
NG,Product 7125,38,8.79
KE,Product 7126,63,7.62
NG,Product 7127,97,91.48
ZA,Product 7128,68,47.70
KE,Product 7129,27,52.74
MA,Product 7130,60,90.53
ZA,Product 7131,49,52.81
MA,Product 7132,14,66.98
NG,Product 7133,30,32.87
MA,Product 7134,85,1.38
ZA,Product 7135,89,38.80
ZA,Product 7136,64,61.58
GH,Product 7137,18,2.22
MA,Product 7138,55,30.63
KE,Product 7139,69,39.78
GH,Product 7140,45,89.82
GH,Product 7141,86,20.87
ZA,Product 7142,60,23.22
GH,Product 7143,32,65.09
MA,Product 7144,31,78.64
ZA,Product 7145,12,93.53
NG,Product 7146,4,63.90
KE,Product 7147,97,21.26
NG,Product 7148,2,42.04
KE,Product 7149,79,15.69
ZA,Product 7150,96,66.54
NG,Product 7151,49,39.12
KE,Product 7152,20,35.95
NG,Product 7153,61,62.35
MA,Product 7154,63,43.03
NG,Product 7155,86,88.27
NG,Product 7156,73,11.50
MA,Product 7157,80,57.35
ZA,Product 7158,15,86.14
GH,Product 7159,70,2.66
GH,Product 7160,74,31.26
GH,Product 7161,24,77.49
NG,Product 7162,69,65.45
ZA,Product 7163,77,5.47
ZA,Product 7164,67,34.05
GH,Product 7165,54,42.76
NG,Product 7166,58,56.90
GH,Product 7167,84,4.37
GH,Product 7168,93,26.30
MA,Product 7169,67,41.72
KE,Product 7170,89,70.66
NG,Product 7171,37,58.84
KE,Product 7172,84,49.31
KE,Product 7173,22,72.51
MA,Product 7174,40,84.35
KE,Product 7175,96,18.35
ZA,Product 7176,30,38.13
ZA,Product 7177,2,90.22
GH,Product 7178,50,55.67
ZA,Product 7179,28,40.55
NG,Product 7180,57,69.67
ZA,Product 7181,65,85.59
NG,Product 7182,97,75.63
KE,Product 7183,49,40.14
GH,Product 7184,72,34.41
NG,Product 7185,56,28.02
GH,Product 7186,74,81.48
NG,Product 7187,62,65.25
MA,Product 7188,75,38.29
KE,Product 7189,45,31.36
KE,Product 7190,27,57.04
KE,Product 7191,28,73.02
ZA,Product 7192,83,77.01
KE,Product 7193,71,34.74
KE,Product 7194,32,51.62
GH,Product 7195,46,55.92
ZA,Product 7196,0,61.58
NG,Product 7197,25,38.46
ZA,Product 7198,86,78.58
NG,Product 7199,14,54.17
KE,Product 7200,19,28.64
NG,Product 7201,30,47.50
NG,Product 7202,60,60.84
GH,Product 7203,71,36.11
GH,Product 7204,12,73.44
NG,Product 7205,61,94.25
GH,Product 7206,82,10.23
MA,Product 7207,68,67.96
GH,Product 7208,75,58.70
ZA,Product 7209,7,5.64
ZA,Product 7210,85,25.47
GH,Product 7211,25,57.22
GH,Product 7212,59,46.67
NG,Product 7213,0,81.70
KE,Product 7214,2,79.87
NG,Product 7215,18,52.44
KE,Product 7216,78,96.99
NG,Product 7217,27,2.29
GH,Product 7218,51,87.83
ZA,Product 7219,98,34.51
GH,Product 7220,33,74.82
KE,Product 7221,11,13.86
GH,Product 7222,46,67.72
ZA,Product 7223,61,74.23
ZA,Product 7224,82,95.25
GH,Product 7225,61,23.19
MA,Product 7226,92,94.48
MA,Product 7227,89,34.13
KE,Product 7228,24,79.86
MA,Product 7229,60,85.24
NG,Product 7230,95,70.22
GH,Product 7231,25,71.48
KE,Product 7232,58,33.25
NG,Product 7233,31,84.97
GH,Product 7234,82,48.27
NG,Product 7235,98,23.35
ZA,Product 7236,18,0.24
MA,Product 7237,59,12.95
ZA,Product 7238,94,52.64
KE,Product 7239,80,13.14
ZA,Product 7240,4,78.85
KE,Product 7241,89,46.73
KE,Product 7242,21,81.07
GH,Product 7243,1,9.94
KE,Product 7244,87,52.47
NG,Product 7245,56,6.17
MA,Product 7246,9,76.69
ZA,Product 7247,57,6.59
MA,Product 7248,8,14.67
NG,Product 7249,60,24.99
ZA,Product 7250,23,82.50
GH,Product 7251,11,13.00
MA,Product 7252,2,77.03
ZA,Product 7253,59,12.25
ZA,Product 7254,76,72.15
KE,Product 7255,76,79.33
ZA,Product 7256,53,73.93
ZA,Product 7257,61,71.07
MA,Product 7258,11,15.36
KE,Product 7259,99,11.59
MA,Product 7260,41,20.01
MA,Product 7261,50,59.63
MA,Product 7262,47,0.16
GH,Product 7263,50,26.33
GH,Product 7264,61,80.71
MA,Product 7265,86,20.89
MA,Product 7266,95,97.33
ZA,Product 7267,93,21.13
GH,Product 7268,39,28.54
GH,Product 7269,72,93.15
GH,Product 7270,19,0.08
KE,Product 7271,17,75.40
NG,Product 7272,90,82.79
GH,Product 7273,76,93.47
KE,Product 7274,71,70.15
NG,Product 7275,11,36.12
NG,Product 7276,39,88.24
ZA,Product 7277,96,87.53
ZA,Product 7278,53,39.06
ZA,Product 7279,4,76.40
NG,Product 7280,10,8.15
NG,Product 7281,50,73.64
GH,Product 7282,52,72.16
KE,Product 7283,81,37.53
NG,Product 7284,7,43.78
ZA,Product 7285,76,10.22
NG,Product 7286,96,80.02
ZA,Product 7287,54,64.48
MA,Product 7288,44,11.16
GH,Product 7289,11,24.29
KE,Product 7290,88,5.11
GH,Product 7291,20,14.82
NG,Product 7292,97,15.34
GH,Product 7293,81,45.31
GH,Product 7294,16,83.39
ZA,Product 7295,20,51.45
GH,Product 7296,99,82.75
MA,Product 7297,78,0.17
NG,Product 7298,74,2.36
GH,Product 7299,18,5.39
NG,Product 7300,94,48.85
GH,Product 7301,93,62.51
GH,Product 7302,96,99.82
KE,Product 7303,9,31.98
ZA,Product 7304,71,16.76
KE,Product 7305,46,19.15
MA,Product 7306,24,95.00
NG,Product 7307,56,39.69
NG,Product 7308,38,22.49
GH,Product 7309,91,61.56
MA,Product 7310,33,1.72
MA,Product 7311,50,28.69
NG,Product 7312,41,71.13
GH,Product 7313,14,48.00
KE,Product 7314,20,67.75
KE,Product 7315,25,45.19
GH,Product 7316,18,67.40
ZA,Product 7317,8,47.77
NG,Product 7318,7,23.63
KE,Product 7319,10,21.58
MA,Product 7320,14,58.86
MA,Product 7321,98,51.56
GH,Product 7322,98,80.98
ZA,Product 7323,81,56.13
KE,Product 7324,61,23.96
GH,Product 7325,98,98.05
NG,Product 7326,17,97.11
KE,Product 7327,72,13.17
NG,Product 7328,87,20.82
GH,Product 7329,76,54.74
GH,Product 7330,22,92.14
GH,Product 7331,43,37.52
MA,Product 7332,81,51.15
MA,Product 7333,12,68.50
ZA,Product 7334,37,30.19
MA,Product 7335,30,43.93
ZA,Product 7336,72,65.81
GH,Product 7337,30,40.75
KE,Product 7338,88,9.30
KE,Product 7339,64,15.75
GH,Product 7340,67,96.83
KE,Product 7341,34,46.46
ZA,Product 7342,59,93.65
GH,Product 7343,28,73.00
ZA,Product 7344,33,2.61
MA,Product 7345,67,51.99
KE,Product 7346,8,20.28
ZA,Product 7347,6,77.10
MA,Product 7348,92,4.91
ZA,Product 7349,52,27.07
KE,Product 7350,72,84.07
MA,Product 7351,23,23.83
MA,Product 7352,2,25.48
KE,Product 7353,98,86.53
MA,Product 7354,26,36.38
KE,Product 7355,19,53.81
NG,Product 7356,49,9.73
NG,Product 7357,90,81.55
KE,Product 7358,90,34.64
KE,Product 7359,69,24.74
GH,Product 7360,55,79.42
NG,Product 7361,30,94.19
NG,Product 7362,6,22.22
NG,Product 7363,62,53.76
GH,Product 7364,9,86.12
NG,Product 7365,63,48.09
NG,Product 7366,25,53.64
ZA,Product 7367,85,61.89
NG,Product 7368,0,98.59
MA,Product 7369,36,6.97
KE,Product 7370,76,28.75
MA,Product 7371,94,13.61
ZA,Product 7372,51,94.54
GH,Product 7373,60,52.43
NG,Product 7374,57,14.37
GH,Product 7375,68,13.30
NG,Product 7376,14,30.28
MA,Product 7377,78,21.88
NG,Product 7378,86,73.76
KE,Product 7379,9,78.00
GH,Product 7380,76,41.49
GH,Product 7381,91,51.22
KE,Product 7382,98,46.06
NG,Product 7383,6,83.58
GH,Product 7384,81,49.82
NG,Product 7385,53,72.54
NG,Product 7386,67,9.10
GH,Product 7387,34,8.18
GH,Product 7388,19,66.50
ZA,Product 7389,2,91.03
MA,Product 7390,17,22.64
ZA,Product 7391,57,46.50
KE,Product 7392,40,13.80
KE,Product 7393,32,93.81
ZA,Product 7394,75,53.90
KE,Product 7395,23,41.14
MA,Product 7396,99,89.65
MA,Product 7397,24,64.49
NG,Product 7398,20,99.08
MA,Product 7399,36,2.24
NG,Product 7400,25,89.22
NG,Product 7401,31,15.70
NG,Product 7402,60,11.08
GH,Product 7403,4,23.51
KE,Product 7404,59,81.48
MA,Product 7405,80,25.24
ZA,Product 7406,87,36.13
NG,Product 7407,87,83.77
ZA,Product 7408,14,45.42
MA,Product 7409,73,93.24
MA,Product 7410,51,79.32
GH,Product 7411,1,75.82
MA,Product 7412,47,55.75
ZA,Product 7413,22,16.78
NG,Product 7414,99,8.23
KE,Product 7415,33,76.39
GH,Product 7416,15,37.10
NG,Product 7417,61,38.23
MA,Product 7418,58,42.46
NG,Product 7419,84,77.38
MA,Product 7420,88,52.24
MA,Product 7421,38,2.84
GH,Product 7422,88,85.80
GH,Product 7423,60,45.53
ZA,Product 7424,5,20.53
NG,Product 7425,2,8.33
NG,Product 7426,5,59.35
MA,Product 7427,60,91.22
KE,Product 7428,27,18.90
ZA,Product 7429,92,14.64
KE,Product 7430,68,60.58
ZA,Product 7431,0,4.11
NG,Product 7432,63,68.23
KE,Product 7433,27,26.76
NG,Product 7434,69,79.21
NG,Product 7435,76,24.23
ZA,Product 7436,39,36.06
NG,Product 7437,93,56.60
NG,Product 7438,8,48.85
NG,Product 7439,48,82.56
NG,Product 7440,65,36.85
ZA,Product 7441,3,87.70
KE,Product 7442,5,7.77
ZA,Product 7443,55,25.96
ZA,Product 7444,32,26.19
MA,Product 7445,70,84.22
MA,Product 7446,22,46.82
KE,Product 7447,14,26.84
NG,Product 7448,87,94.30
NG,Product 7449,71,30.67
MA,Product 7450,82,22.62
NG,Product 7451,14,43.68
KE,Product 7452,23,70.97
NG,Product 7453,67,97.83
MA,Product 7454,34,12.10
KE,Product 7455,37,81.94
MA,Product 7456,37,35.49
NG,Product 7457,62,61.05
NG,Product 7458,68,73.86
GH,Product 7459,14,33.08
NG,Product 7460,33,9.21
ZA,Product 7461,95,40.80
NG,Product 7462,38,92.50
MA,Product 7463,13,41.34
GH,Product 7464,32,69.91
KE,Product 7465,55,4.99
MA,Product 7466,66,42.89
ZA,Product 7467,75,14.17
ZA,Product 7468,85,71.79
MA,Product 7469,52,31.66
MA,Product 7470,39,95.60
ZA,Product 7471,9,7.23
GH,Product 7472,1,68.89
ZA,Product 7473,49,70.79
MA,Product 7474,11,50.44
KE,Product 7475,84,94.73
NG,Product 7476,81,39.14
KE,Product 7477,56,72.64
MA,Product 7478,22,42.78
ZA,Product 7479,74,6.63
KE,Product 7480,63,30.57
MA,Product 7481,30,75.84
ZA,Product 7482,12,39.54
GH,Product 7483,80,45.69
KE,Product 7484,44,31.62
ZA,Product 7485,23,73.30
ZA,Product 7486,25,9.29
NG,Product 7487,16,77.99
NG,Product 7488,84,43.50
ZA,Product 7489,44,84.85
ZA,Product 7490,55,93.62
ZA,Product 7491,40,62.45
NG,Product 7492,14,0.66
GH,Product 7493,2,3.63
KE,Product 7494,9,40.94
MA,Product 7495,36,22.24
GH,Product 7496,40,45.86
MA,Product 7497,51,24.00
GH,Product 7498,17,35.77
MA,Product 7499,22,55.08
MA,Product 7500,21,27.28
KE,Product 7501,76,20.76
MA,Product 7502,10,89.15
ZA,Product 7503,36,84.01
MA,Product 7504,72,81.53
GH,Product 7505,99,63.13
NG,Product 7506,89,2.84
NG,Product 7507,5,75.10
ZA,Product 7508,70,6.39
MA,Product 7509,24,12.25
NG,Product 7510,57,75.30
NG,Product 7511,19,6.97
KE,Product 7512,13,28.32
KE,Product 7513,88,14.61
NG,Product 7514,33,0.69
KE,Product 7515,26,22.87
KE,Product 7516,97,95.24
GH,Product 7517,43,86.36
KE,Product 7518,0,66.71
ZA,Product 7519,97,31.30
ZA,Product 7520,72,57.28
MA,Product 7521,89,53.38
MA,Product 7522,73,15.94
ZA,Product 7523,64,69.39
GH,Product 7524,38,46.27
GH,Product 7525,81,25.39
MA,Product 7526,95,6.59
GH,Product 7527,67,59.29
NG,Product 7528,42,58.31
GH,Product 7529,52,42.11
MA,Product 7530,62,1.18
NG,Product 7531,66,31.12
ZA,Product 7532,22,96.41
GH,Product 7533,66,47.58
ZA,Product 7534,23,61.09
ZA,Product 7535,86,76.10
GH,Product 7536,78,23.17
KE,Product 7537,14,83.27
NG,Product 7538,54,53.62
MA,Product 7539,32,15.18
MA,Product 7540,32,64.47
MA,Product 7541,70,23.47
GH,Product 7542,63,21.29
NG,Product 7543,17,29.84
KE,Product 7544,35,52.91
NG,Product 7545,4,82.44
MA,Product 7546,45,34.03
ZA,Product 7547,2,52.42
NG,Product 7548,65,90.96
KE,Product 7549,7,67.45
KE,Product 7550,74,30.29
KE,Product 7551,72,54.63
NG,Product 7552,66,48.49
NG,Product 7553,73,32.85
NG,Product 7554,45,57.45
KE,Product 7555,25,82.13
GH,Product 7556,50,24.93
NG,Product 7557,60,69.12
MA,Product 7558,18,59.20
NG,Product 7559,39,1.64
NG,Product 7560,28,96.17
NG,Product 7561,3,14.16
KE,Product 7562,87,22.15
GH,Product 7563,98,69.80
MA,Product 7564,43,54.04
ZA,Product 7565,94,70.92
KE,Product 7566,60,2.93
NG,Product 7567,78,32.06
KE,Product 7568,79,37.65
KE,Product 7569,68,4.27
NG,Product 7570,65,77.51
MA,Product 7571,40,44.39
NG,Product 7572,60,93.23
KE,Product 7573,74,23.35
KE,Product 7574,87,4.81
NG,Product 7575,98,6.62
GH,Product 7576,88,49.01
ZA,Product 7577,1,65.13
GH,Product 7578,76,99.02
GH,Product 7579,6,8.84
MA,Product 7580,46,97.46
ZA,Product 7581,39,12.01
NG,Product 7582,51,0.81
ZA,Product 7583,12,24.38
GH,Product 7584,71,81.59
GH,Product 7585,82,2.13
KE,Product 7586,55,96.37
KE,Product 7587,79,31.06
ZA,Product 7588,88,40.50
GH,Product 7589,93,37.08
KE,Product 7590,13,87.64
NG,Product 7591,62,42.90
NG,Product 7592,47,29.25
NG,Product 7593,72,3.22
GH,Product 7594,1,45.27
GH,Product 7595,13,59.22
NG,Product 7596,80,15.11
ZA,Product 7597,53,93.95
GH,Product 7598,36,75.53
MA,Product 7599,65,10.18
ZA,Product 7600,15,20.78
ZA,Product 7601,25,59.52
GH,Product 7602,96,26.14
MA,Product 7603,72,99.94
KE,Product 7604,3,18.50
NG,Product 7605,87,77.69
KE,Product 7606,88,30.25
MA,Product 7607,25,30.49
NG,Product 7608,53,22.61
ZA,Product 7609,94,47.67
MA,Product 7610,15,68.83
ZA,Product 7611,34,15.95
NG,Product 7612,74,97.82
NG,Product 7613,92,86.23
MA,Product 7614,62,56.21
MA,Product 7615,20,54.18
ZA,Product 7616,75,22.59
NG,Product 7617,69,37.74
GH,Product 7618,44,87.41
NG,Product 7619,18,24.99
NG,Product 7620,26,43.38
GH,Product 7621,81,98.39
GH,Product 7622,74,41.30
NG,Product 7623,42,39.66
GH,Product 7624,85,76.14
NG,Product 7625,48,63.27
MA,Product 7626,78,62.00
ZA,Product 7627,65,42.60
KE,Product 7628,91,20.56
NG,Product 7629,57,83.59
KE,Product 7630,98,18.30
GH,Product 7631,91,27.92
ZA,Product 7632,81,5.34
MA,Product 7633,64,37.29
KE,Product 7634,48,35.47
KE,Product 7635,30,48.21
MA,Product 7636,3,93.78
ZA,Product 7637,8,6.03
MA,Product 7638,74,41.54
KE,Product 7639,46,32.90
NG,Product 7640,53,93.71
ZA,Product 7641,46,81.20
KE,Product 7642,92,27.20
ZA,Product 7643,96,5.03
MA,Product 7644,30,38.26
KE,Product 7645,43,45.83
KE,Product 7646,61,39.09
ZA,Product 7647,71,18.25
ZA,Product 7648,61,46.15
NG,Product 7649,10,54.88
ZA,Product 7650,42,2.25
KE,Product 7651,27,8.41
GH,Product 7652,60,51.23
NG,Product 7653,62,27.86
GH,Product 7654,5,14.40
MA,Product 7655,75,86.88
ZA,Product 7656,85,2.41
GH,Product 7657,27,80.76
MA,Product 7658,52,82.44
MA,Product 7659,71,28.67
GH,Product 7660,71,60.45
GH,Product 7661,82,98.33
GH,Product 7662,85,69.78
ZA,Product 7663,6,32.77
MA,Product 7664,90,57.42
NG,Product 7665,17,63.70
KE,Product 7666,74,15.44
NG,Product 7667,48,53.73
KE,Product 7668,16,29.32
NG,Product 7669,18,64.99
MA,Product 7670,85,53.20
NG,Product 7671,70,89.64
KE,Product 7672,88,33.76
ZA,Product 7673,82,99.28
MA,Product 7674,3,46.59
MA,Product 7675,91,4.93
NG,Product 7676,76,32.53
NG,Product 7677,60,46.49
NG,Product 7678,74,27.16
KE,Product 7679,62,34.90
GH,Product 7680,62,71.30
KE,Product 7681,25,25.58
MA,Product 7682,9,12.78
MA,Product 7683,64,31.65
MA,Product 7684,59,63.66
KE,Product 7685,95,33.88
MA,Product 7686,34,16.94
GH,Product 7687,80,60.80
KE,Product 7688,95,22.89
ZA,Product 7689,87,27.55
MA,Product 7690,16,17.87
ZA,Product 7691,76,47.96
ZA,Product 7692,33,71.64
GH,Product 7693,36,31.69
ZA,Product 7694,49,40.44
ZA,Product 7695,65,25.92
NG,Product 7696,23,43.04
KE,Product 7697,0,9.18
NG,Product 7698,37,2.68
KE,Product 7699,72,82.02
MA,Product 7700,9,23.38
MA,Product 7701,75,36.90
KE,Product 7702,60,32.02
GH,Product 7703,28,92.99
NG,Product 7704,54,53.30
MA,Product 7705,60,98.49
GH,Product 7706,91,30.70
ZA,Product 7707,42,7.62
GH,Product 7708,94,68.92
NG,Product 7709,96,25.65
GH,Product 7710,2,25.55
NG,Product 7711,97,98.81
ZA,Product 7712,51,48.08
MA,Product 7713,41,85.19
KE,Product 7714,65,62.63
ZA,Product 7715,32,33.13
MA,Product 7716,90,29.19
KE,Product 7717,21,15.51
MA,Product 7718,64,10.73
NG,Product 7719,16,45.40
NG,Product 7720,91,64.53
KE,Product 7721,72,3.15
NG,Product 7722,67,94.73
NG,Product 7723,66,73.07
NG,Product 7724,62,1.93
GH,Product 7725,20,79.96
GH,Product 7726,85,92.16
ZA,Product 7727,99,86.48
GH,Product 7728,60,20.44
GH,Product 7729,79,49.34
MA,Product 7730,59,17.39
MA,Product 7731,67,10.69
GH,Product 7732,42,17.80
GH,Product 7733,56,57.07
MA,Product 7734,82,58.34
MA,Product 7735,56,51.44
NG,Product 7736,42,17.93
GH,Product 7737,2,87.15
KE,Product 7738,16,42.11
GH,Product 7739,85,58.62
KE,Product 7740,70,24.70
NG,Product 7741,44,8.41
NG,Product 7742,15,90.38
GH,Product 7743,35,66.79
GH,Product 7744,71,35.19
GH,Product 7745,67,12.87
KE,Product 7746,0,36.52
MA,Product 7747,96,44.61
GH,Product 7748,58,63.87
NG,Product 7749,18,48.25
GH,Product 7750,90,96.62
KE,Product 7751,58,12.11
MA,Product 7752,70,28.52
NG,Product 7753,86,18.05
KE,Product 7754,39,12.23
GH,Product 7755,54,62.59
NG,Product 7756,97,74.70
NG,Product 7757,11,91.80
GH,Product 7758,15,82.03
GH,Product 7759,19,42.05
NG,Product 7760,65,2.32
GH,Product 7761,44,49.96
NG,Product 7762,94,90.21
MA,Product 7763,81,85.08
MA,Product 7764,23,95.12
MA,Product 7765,44,43.64
ZA,Product 7766,35,91.93
ZA,Product 7767,99,26.78
GH,Product 7768,91,53.61
NG,Product 7769,84,86.14
GH,Product 7770,44,1.66
ZA,Product 7771,31,27.16
NG,Product 7772,2,36.15
ZA,Product 7773,58,52.51
NG,Product 7774,21,62.15
NG,Product 7775,35,58.60
GH,Product 7776,16,60.00
ZA,Product 7777,22,9.27
NG,Product 7778,79,23.26
MA,Product 7779,46,44.56
NG,Product 7780,4,62.51
GH,Product 7781,99,90.64
KE,Product 7782,37,27.15
NG,Product 7783,71,12.56
GH,Product 7784,51,23.03
GH,Product 7785,98,0.35
GH,Product 7786,8,81.89
NG,Product 7787,65,72.56
GH,Product 7788,1,9.12
GH,Product 7789,51,57.68
NG,Product 7790,67,10.76
ZA,Product 7791,33,70.38
MA,Product 7792,16,70.00
ZA,Product 7793,5,36.26
NG,Product 7794,5,11.85
NG,Product 7795,99,16.81
KE,Product 7796,26,10.94
ZA,Product 7797,69,56.67
MA,Product 7798,91,22.19
MA,Product 7799,27,47.91
KE,Product 7800,84,84.45
ZA,Product 7801,20,5.98
GH,Product 7802,44,71.50
KE,Product 7803,94,15.95
KE,Product 7804,23,25.53
NG,Product 7805,4,82.89
NG,Product 7806,61,63.29
KE,Product 7807,92,30.59
NG,Product 7808,86,60.75
NG,Product 7809,54,25.89
KE,Product 7810,5,79.10
MA,Product 7811,26,50.58
KE,Product 7812,4,1.25
NG,Product 7813,95,52.66
NG,Product 7814,36,21.68
KE,Product 7815,71,91.25
MA,Product 7816,8,0.15
MA,Product 7817,47,29.53
ZA,Product 7818,8,71.95
GH,Product 7819,66,48.64
GH,Product 7820,92,16.40
GH,Product 7821,59,89.11
GH,Product 7822,80,50.15
NG,Product 7823,96,31.00
NG,Product 7824,92,8.21
GH,Product 7825,42,43.35
KE,Product 7826,45,38.22
KE,Product 7827,0,42.45
KE,Product 7828,85,43.61
NG,Product 7829,37,14.42
KE,Product 7830,28,67.08
KE,Product 7831,41,35.41
NG,Product 7832,47,65.72
ZA,Product 7833,0,94.14
KE,Product 7834,92,59.39
NG,Product 7835,45,53.96
NG,Product 7836,90,95.32
KE,Product 7837,34,17.11
NG,Product 7838,86,84.27
KE,Product 7839,1,65.47
MA,Product 7840,34,21.27
GH,Product 7841,61,37.71
ZA,Product 7842,46,9.81
KE,Product 7843,36,63.11
KE,Product 7844,12,4.89
NG,Product 7845,10,35.64
NG,Product 7846,85,85.60
ZA,Product 7847,95,70.22
KE,Product 7848,50,90.49
NG,Product 7849,69,0.20
ZA,Product 7850,37,18.65
NG,Product 7851,5,50.41
KE,Product 7852,85,24.93
KE,Product 7853,52,93.27
MA,Product 7854,18,5.13
KE,Product 7855,59,33.67
KE,Product 7856,4,83.65
GH,Product 7857,75,21.97
ZA,Product 7858,11,9.87
NG,Product 7859,51,10.06
MA,Product 7860,55,84.16
GH,Product 7861,53,73.26
MA,Product 7862,50,52.13
NG,Product 7863,56,41.26
GH,Product 7864,60,95.61
KE,Product 7865,36,10.67
GH,Product 7866,88,59.06
KE,Product 7867,14,68.80
GH,Product 7868,70,41.86
KE,Product 7869,96,52.62
KE,Product 7870,84,51.65
GH,Product 7871,59,80.50
ZA,Product 7872,29,75.05
KE,Product 7873,37,33.34
ZA,Product 7874,91,66.65
GH,Product 7875,75,72.81
GH,Product 7876,5,10.64
ZA,Product 7877,38,57.53
ZA,Product 7878,84,33.74
GH,Product 7879,34,18.69
MA,Product 7880,58,64.25
NG,Product 7881,21,57.23
GH,Product 7882,57,62.46
GH,Product 7883,64,68.07
ZA,Product 7884,4,75.63
KE,Product 7885,44,8.52
ZA,Product 7886,77,97.33
NG,Product 7887,13,92.72
NG,Product 7888,3,61.34
KE,Product 7889,30,69.01
ZA,Product 7890,97,99.51
NG,Product 7891,9,90.65
GH,Product 7892,46,4.36
ZA,Product 7893,83,7.52
MA,Product 7894,87,97.48
ZA,Product 7895,58,1.87
MA,Product 7896,21,61.74
NG,Product 7897,69,41.55
MA,Product 7898,35,70.66
GH,Product 7899,45,58.20
GH,Product 7900,9,94.10
MA,Product 7901,1,92.28
GH,Product 7902,2,72.32
MA,Product 7903,74,13.08
NG,Product 7904,24,88.65
KE,Product 7905,60,76.15
GH,Product 7906,50,57.03
ZA,Product 7907,37,28.59
ZA,Product 7908,49,35.11
ZA,Product 7909,31,4.87
NG,Product 7910,54,9.06
ZA,Product 7911,30,3.13
ZA,Product 7912,48,33.08
NG,Product 7913,37,8.06
ZA,Product 7914,91,33.23
NG,Product 7915,19,32.65
KE,Product 7916,50,40.05
KE,Product 7917,19,81.71
NG,Product 7918,42,72.69
ZA,Product 7919,37,26.06
NG,Product 7920,93,31.83
MA,Product 7921,44,14.29
MA,Product 7922,7,60.51
KE,Product 7923,2,85.85
MA,Product 7924,61,71.97
ZA,Product 7925,43,91.00
NG,Product 7926,29,66.15
NG,Product 7927,7,22.79
NG,Product 7928,58,47.15
NG,Product 7929,4,41.28
KE,Product 7930,50,18.04
NG,Product 7931,42,31.25
KE,Product 7932,80,63.38
GH,Product 7933,57,90.53
MA,Product 7934,24,63.25
ZA,Product 7935,67,15.81
KE,Product 7936,75,75.63
NG,Product 7937,86,54.85
NG,Product 7938,97,98.01
ZA,Product 7939,37,37.01
GH,Product 7940,10,73.10
KE,Product 7941,70,77.60
NG,Product 7942,16,44.84
MA,Product 7943,2,96.55
KE,Product 7944,6,16.93
KE,Product 7945,45,69.49
NG,Product 7946,88,45.83
KE,Product 7947,73,69.03
KE,Product 7948,35,23.50
MA,Product 7949,46,85.88
KE,Product 7950,79,26.36
KE,Product 7951,41,14.36
GH,Product 7952,90,36.83
NG,Product 7953,70,7.00
NG,Product 7954,30,44.92
NG,Product 7955,65,10.85
ZA,Product 7956,87,77.36
MA,Product 7957,33,94.64
NG,Product 7958,82,5.33
MA,Product 7959,1,67.16
GH,Product 7960,73,45.14
KE,Product 7961,45,0.54
ZA,Product 7962,43,52.36
GH,Product 7963,60,84.44
ZA,Product 7964,60,10.70
KE,Product 7965,75,85.66
NG,Product 7966,45,82.01
MA,Product 7967,7,27.04
KE,Product 7968,67,71.26
MA,Product 7969,53,48.30
ZA,Product 7970,98,89.92
GH,Product 7971,58,28.00
ZA,Product 7972,82,90.91
NG,Product 7973,57,57.23
KE,Product 7974,46,57.02
GH,Product 7975,80,94.32
ZA,Product 7976,50,37.18
KE,Product 7977,75,75.22
MA,Product 7978,90,47.71
KE,Product 7979,24,99.61
ZA,Product 7980,99,36.49
ZA,Product 7981,9,19.08
KE,Product 7982,38,80.47
MA,Product 7983,72,67.42
KE,Product 7984,68,20.61
KE,Product 7985,36,26.94
NG,Product 7986,43,99.12
ZA,Product 7987,11,11.47
KE,Product 7988,54,91.95
ZA,Product 7989,11,69.08
NG,Product 7990,9,55.71
GH,Product 7991,46,38.81
ZA,Product 7992,9,28.43
NG,Product 7993,60,1.17
NG,Product 7994,95,92.14
NG,Product 7995,90,46.81
NG,Product 7996,54,31.42
GH,Product 7997,77,46.38
GH,Product 7998,29,26.75
MA,Product 7999,52,68.85
NG,Product 8000,3,25.00
MA,Product 8001,84,52.96
ZA,Product 8002,35,83.87
ZA,Product 8003,21,22.32
MA,Product 8004,2,86.90
NG,Product 8005,84,78.89
ZA,Product 8006,77,86.44
NG,Product 8007,87,5.47
ZA,Product 8008,69,72.27
MA,Product 8009,90,14.04
MA,Product 8010,36,95.36
KE,Product 8011,94,92.11
ZA,Product 8012,31,15.51
NG,Product 8013,42,68.57
NG,Product 8014,63,37.58
MA,Product 8015,24,76.99
NG,Product 8016,18,33.10
KE,Product 8017,8,8.40
GH,Product 8018,9,93.43
MA,Product 8019,85,44.02
KE,Product 8020,90,15.44
KE,Product 8021,88,14.31
MA,Product 8022,14,34.28
MA,Product 8023,43,83.63
MA,Product 8024,91,64.95
ZA,Product 8025,31,67.65
NG,Product 8026,61,19.32
MA,Product 8027,97,92.28
GH,Product 8028,16,96.16
ZA,Product 8029,67,51.85
NG,Product 8030,13,68.67
MA,Product 8031,62,28.96
NG,Product 8032,48,5.14
ZA,Product 8033,87,95.82
GH,Product 8034,74,24.22
KE,Product 8035,54,1.49
KE,Product 8036,85,47.38
GH,Product 8037,16,38.60
NG,Product 8038,9,22.41
NG,Product 8039,78,51.47
KE,Product 8040,21,63.95
ZA,Product 8041,0,2.91
KE,Product 8042,87,72.83
GH,Product 8043,28,1.88
KE,Product 8044,69,86.19
KE,Product 8045,4,81.97
NG,Product 8046,11,71.70
GH,Product 8047,51,9.54
ZA,Product 8048,99,89.42
NG,Product 8049,95,81.97
NG,Product 8050,29,43.45
KE,Product 8051,10,78.73
KE,Product 8052,42,16.45
MA,Product 8053,5,28.01
MA,Product 8054,1,28.93
KE,Product 8055,95,64.06
GH,Product 8056,78,68.15
GH,Product 8057,49,29.79
NG,Product 8058,49,7.21
KE,Product 8059,77,16.82
ZA,Product 8060,59,24.06
NG,Product 8061,85,24.03
ZA,Product 8062,39,93.46
KE,Product 8063,41,94.77
GH,Product 8064,2,73.49
GH,Product 8065,69,68.83
GH,Product 8066,11,9.17
KE,Product 8067,68,48.49
ZA,Product 8068,95,55.39
MA,Product 8069,7,5.24
MA,Product 8070,43,8.02
GH,Product 8071,69,41.31
ZA,Product 8072,75,44.85
KE,Product 8073,24,79.97
KE,Product 8074,41,81.88
KE,Product 8075,75,43.68
ZA,Product 8076,20,29.77
NG,Product 8077,31,82.14
GH,Product 8078,50,7.56
KE,Product 8079,15,97.91
GH,Product 8080,50,49.57
ZA,Product 8081,8,29.09
NG,Product 8082,96,91.50
NG,Product 8083,44,60.04
KE,Product 8084,33,80.17
NG,Product 8085,86,91.32
ZA,Product 8086,52,21.48
GH,Product 8087,35,0.84
MA,Product 8088,15,6.63
ZA,Product 8089,41,91.15
GH,Product 8090,68,35.72
NG,Product 8091,2,85.70
MA,Product 8092,7,69.37
GH,Product 8093,76,29.88
GH,Product 8094,52,71.59
ZA,Product 8095,22,38.60
MA,Product 8096,0,75.43
NG,Product 8097,2,24.92
NG,Product 8098,6,81.16
KE,Product 8099,70,39.07
MA,Product 8100,14,35.11
ZA,Product 8101,77,56.54
ZA,Product 8102,46,15.12
GH,Product 8103,20,2.54
ZA,Product 8104,4,34.97
MA,Product 8105,6,39.96
GH,Product 8106,42,19.03
KE,Product 8107,40,97.22
ZA,Product 8108,65,39.25
KE,Product 8109,35,50.93
KE,Product 8110,29,75.65
NG,Product 8111,13,90.14
MA,Product 8112,73,35.73
GH,Product 8113,81,82.50
NG,Product 8114,54,31.54
NG,Product 8115,80,98.99
ZA,Product 8116,28,92.54
NG,Product 8117,65,15.11
KE,Product 8118,48,93.52
ZA,Product 8119,58,46.31
ZA,Product 8120,56,35.37
MA,Product 8121,6,20.70
NG,Product 8122,38,34.91
KE,Product 8123,13,49.59
GH,Product 8124,34,15.70
ZA,Product 8125,24,77.71
NG,Product 8126,16,69.91
GH,Product 8127,16,30.05
NG,Product 8128,34,13.59
MA,Product 8129,8,77.34
MA,Product 8130,26,67.15
MA,Product 8131,81,25.13
NG,Product 8132,91,90.70
MA,Product 8133,95,70.14
KE,Product 8134,27,23.32
ZA,Product 8135,14,83.78
GH,Product 8136,18,44.23
GH,Product 8137,29,57.82
ZA,Product 8138,38,81.32
MA,Product 8139,21,6.78
KE,Product 8140,34,6.76
NG,Product 8141,5,14.52
NG,Product 8142,32,3.61
ZA,Product 8143,98,39.02
GH,Product 8144,47,6.56
NG,Product 8145,62,48.42
GH,Product 8146,73,5.68
ZA,Product 8147,83,57.13
KE,Product 8148,29,26.29
MA,Product 8149,77,36.83
KE,Product 8150,5,66.98
GH,Product 8151,74,13.47
GH,Product 8152,93,92.21
GH,Product 8153,70,92.09
ZA,Product 8154,32,30.30
GH,Product 8155,15,25.88
MA,Product 8156,91,23.88
NG,Product 8157,13,24.88
GH,Product 8158,93,34.23
KE,Product 8159,56,8.78
MA,Product 8160,3,32.46
KE,Product 8161,70,55.94
GH,Product 8162,94,81.45
ZA,Product 8163,76,91.82
KE,Product 8164,24,92.96
MA,Product 8165,67,12.26
KE,Product 8166,11,88.87
NG,Product 8167,74,93.02
ZA,Product 8168,83,46.03
NG,Product 8169,18,31.93
NG,Product 8170,17,95.09
KE,Product 8171,36,82.94
KE,Product 8172,11,31.37
MA,Product 8173,97,46.86
ZA,Product 8174,3,54.71
GH,Product 8175,49,67.05
ZA,Product 8176,89,21.87
ZA,Product 8177,2,43.56
NG,Product 8178,96,90.23
NG,Product 8179,41,0.65
ZA,Product 8180,58,1.43
ZA,Product 8181,52,55.14
KE,Product 8182,8,28.82
KE,Product 8183,34,93.99
KE,Product 8184,75,69.81
ZA,Product 8185,57,72.09
KE,Product 8186,74,6.28
GH,Product 8187,55,71.82
NG,Product 8188,57,50.59
KE,Product 8189,43,28.35
MA,Product 8190,12,91.88
GH,Product 8191,18,48.29
ZA,Product 8192,90,63.67
KE,Product 8193,59,23.74
ZA,Product 8194,8,19.95
MA,Product 8195,79,72.05
KE,Product 8196,99,39.87
MA,Product 8197,42,76.30
GH,Product 8198,76,51.13
KE,Product 8199,14,38.18
GH,Product 8200,5,80.91
GH,Product 8201,77,31.70
NG,Product 8202,34,89.40
GH,Product 8203,48,89.21
MA,Product 8204,5,93.37
ZA,Product 8205,24,89.69
GH,Product 8206,90,54.54
NG,Product 8207,81,75.45
NG,Product 8208,45,24.29
KE,Product 8209,70,8.87
MA,Product 8210,8,52.44
GH,Product 8211,66,26.40
GH,Product 8212,89,13.97
NG,Product 8213,73,88.88
KE,Product 8214,94,50.69
KE,Product 8215,27,5.04
GH,Product 8216,8,82.19
NG,Product 8217,5,87.63
NG,Product 8218,16,42.95
GH,Product 8219,2,13.59
ZA,Product 8220,55,32.56
MA,Product 8221,23,55.10
MA,Product 8222,39,44.47
ZA,Product 8223,97,59.48
NG,Product 8224,55,66.31
NG,Product 8225,65,72.88
GH,Product 8226,42,79.39
ZA,Product 8227,42,33.15
GH,Product 8228,56,37.56
GH,Product 8229,61,37.57
KE,Product 8230,32,88.87
GH,Product 8231,26,75.12
ZA,Product 8232,6,65.96
ZA,Product 8233,17,70.11
NG,Product 8234,86,5.14
ZA,Product 8235,75,93.25
MA,Product 8236,34,79.63
NG,Product 8237,38,67.54
KE,Product 8238,41,16.63
GH,Product 8239,91,99.64
ZA,Product 8240,48,5.72
KE,Product 8241,84,51.78
MA,Product 8242,72,16.51
ZA,Product 8243,37,54.93
KE,Product 8244,74,70.72
ZA,Product 8245,32,92.35
MA,Product 8246,88,76.41
GH,Product 8247,23,66.28
KE,Product 8248,35,60.34
KE,Product 8249,84,93.98
NG,Product 8250,73,91.46
GH,Product 8251,59,64.98
ZA,Product 8252,37,29.07
GH,Product 8253,69,85.15
ZA,Product 8254,24,34.20
ZA,Product 8255,5,13.61
ZA,Product 8256,49,66.29
NG,Product 8257,0,93.12
KE,Product 8258,77,26.89
NG,Product 8259,82,83.74
NG,Product 8260,25,64.01
GH,Product 8261,60,2.16
GH,Product 8262,42,54.11
MA,Product 8263,27,79.24
ZA,Product 8264,92,3.39
GH,Product 8265,8,40.11
ZA,Product 8266,59,59.24
MA,Product 8267,14,2.76
ZA,Product 8268,64,58.69
GH,Product 8269,18,97.63
GH,Product 8270,87,23.69
GH,Product 8271,61,15.04
KE,Product 8272,50,79.03
ZA,Product 8273,89,58.56
ZA,Product 8274,29,82.98
ZA,Product 8275,6,69.44
ZA,Product 8276,3,57.61
GH,Product 8277,58,14.61
NG,Product 8278,1,73.82
NG,Product 8279,8,67.32
KE,Product 8280,29,81.92
ZA,Product 8281,12,5.96
NG,Product 8282,79,32.71
NG,Product 8283,93,53.46
ZA,Product 8284,96,39.18
NG,Product 8285,30,89.40
ZA,Product 8286,95,47.32
KE,Product 8287,70,14.07
NG,Product 8288,22,31.24
ZA,Product 8289,83,9.88
KE,Product 8290,69,43.49
NG,Product 8291,65,21.81
KE,Product 8292,68,5.96
KE,Product 8293,41,67.70
ZA,Product 8294,46,96.33
KE,Product 8295,47,59.75
KE,Product 8296,35,32.83
NG,Product 8297,51,72.14
KE,Product 8298,81,80.84
MA,Product 8299,22,86.52
GH,Product 8300,50,52.81
ZA,Product 8301,5,82.52
ZA,Product 8302,64,22.26
GH,Product 8303,42,1.90
GH,Product 8304,46,72.88
ZA,Product 8305,10,47.09
KE,Product 8306,97,22.23
GH,Product 8307,28,35.36
MA,Product 8308,59,57.18
GH,Product 8309,82,46.68
KE,Product 8310,62,82.88
NG,Product 8311,61,5.63
ZA,Product 8312,44,38.42
GH,Product 8313,26,34.84
KE,Product 8314,29,65.84
MA,Product 8315,84,55.61
ZA,Product 8316,37,58.59
ZA,Product 8317,76,98.53
GH,Product 8318,9,62.00
ZA,Product 8319,79,78.82
GH,Product 8320,1,62.56
NG,Product 8321,62,64.35
ZA,Product 8322,33,51.63
MA,Product 8323,16,61.24
KE,Product 8324,25,61.68
ZA,Product 8325,62,75.84
NG,Product 8326,38,91.95
NG,Product 8327,21,63.37
GH,Product 8328,97,62.44
NG,Product 8329,99,67.74
KE,Product 8330,30,35.71
MA,Product 8331,86,56.74
KE,Product 8332,66,92.50
MA,Product 8333,45,2.77
KE,Product 8334,57,47.25
ZA,Product 8335,45,81.58
KE,Product 8336,13,75.39
NG,Product 8337,75,10.24
GH,Product 8338,19,68.55
MA,Product 8339,5,21.16
NG,Product 8340,90,29.55
ZA,Product 8341,2,0.96
GH,Product 8342,29,91.87
KE,Product 8343,76,32.19
NG,Product 8344,89,19.88
KE,Product 8345,77,44.01
KE,Product 8346,54,92.47
NG,Product 8347,21,39.36
NG,Product 8348,90,83.16
MA,Product 8349,90,48.87
KE,Product 8350,60,65.70
KE,Product 8351,96,51.57
NG,Product 8352,46,97.06
MA,Product 8353,66,5.74
MA,Product 8354,33,48.19
NG,Product 8355,15,8.34
ZA,Product 8356,39,21.35
GH,Product 8357,17,14.97
MA,Product 8358,27,0.96
MA,Product 8359,49,92.61
ZA,Product 8360,64,40.66
NG,Product 8361,75,25.30
MA,Product 8362,59,11.79
MA,Product 8363,56,68.97
KE,Product 8364,83,26.58
GH,Product 8365,26,47.49
MA,Product 8366,84,21.95
MA,Product 8367,31,27.20
GH,Product 8368,85,67.92
MA,Product 8369,46,95.20
GH,Product 8370,60,2.79
KE,Product 8371,50,98.36
KE,Product 8372,25,6.74
KE,Product 8373,15,40.27
KE,Product 8374,97,90.67
ZA,Product 8375,3,89.04
ZA,Product 8376,8,32.13
NG,Product 8377,7,56.30
ZA,Product 8378,75,39.21
ZA,Product 8379,13,1.23
MA,Product 8380,25,84.21
GH,Product 8381,57,56.99
MA,Product 8382,25,65.99
NG,Product 8383,73,17.50
GH,Product 8384,31,48.04
ZA,Product 8385,93,15.74
ZA,Product 8386,61,90.43
KE,Product 8387,15,50.10
ZA,Product 8388,46,93.86
NG,Product 8389,70,95.76
NG,Product 8390,47,64.09
MA,Product 8391,29,79.49
KE,Product 8392,12,21.29
MA,Product 8393,95,85.84
MA,Product 8394,20,96.75
MA,Product 8395,8,75.09
GH,Product 8396,68,71.76
MA,Product 8397,66,51.32
NG,Product 8398,81,24.21
NG,Product 8399,69,87.06
NG,Product 8400,38,91.26
KE,Product 8401,28,30.61
MA,Product 8402,70,42.53
MA,Product 8403,72,54.58
KE,Product 8404,75,83.61
ZA,Product 8405,98,39.46
KE,Product 8406,28,53.28
NG,Product 8407,37,56.37
KE,Product 8408,45,27.62
KE,Product 8409,34,36.43
KE,Product 8410,47,95.75
NG,Product 8411,92,43.73
NG,Product 8412,68,74.64
GH,Product 8413,69,86.93
NG,Product 8414,65,45.93
ZA,Product 8415,44,75.05
KE,Product 8416,96,95.78
GH,Product 8417,46,28.81
MA,Product 8418,7,50.61
MA,Product 8419,19,82.21
NG,Product 8420,38,56.76
KE,Product 8421,82,38.10
NG,Product 8422,96,25.44
KE,Product 8423,2,80.03
KE,Product 8424,27,54.33
ZA,Product 8425,57,8.48
MA,Product 8426,27,47.82
NG,Product 8427,53,43.17
NG,Product 8428,7,66.85
NG,Product 8429,96,95.50
NG,Product 8430,93,14.54
GH,Product 8431,57,67.68
MA,Product 8432,43,65.90
GH,Product 8433,21,59.11
ZA,Product 8434,94,28.13
NG,Product 8435,49,59.87
ZA,Product 8436,23,4.02
GH,Product 8437,0,23.27
KE,Product 8438,49,88.98
ZA,Product 8439,69,27.86
KE,Product 8440,41,38.06
GH,Product 8441,32,94.70
NG,Product 8442,79,99.34
GH,Product 8443,67,48.05
NG,Product 8444,83,77.80
MA,Product 8445,13,77.37
ZA,Product 8446,72,57.45
ZA,Product 8447,58,80.85
GH,Product 8448,94,86.16
KE,Product 8449,14,71.33
GH,Product 8450,82,60.43
KE,Product 8451,15,63.96
MA,Product 8452,14,15.91
MA,Product 8453,79,9.01
MA,Product 8454,31,26.58
NG,Product 8455,63,19.28
NG,Product 8456,45,55.82
ZA,Product 8457,45,88.91
MA,Product 8458,76,46.15
ZA,Product 8459,52,68.75
GH,Product 8460,8,60.83
ZA,Product 8461,72,63.58
NG,Product 8462,71,71.79
ZA,Product 8463,50,56.30
ZA,Product 8464,58,16.41
NG,Product 8465,16,99.32
ZA,Product 8466,49,1.46
NG,Product 8467,97,23.83
KE,Product 8468,92,18.02
KE,Product 8469,41,7.13
MA,Product 8470,1,74.70
KE,Product 8471,24,66.04
NG,Product 8472,40,98.96
GH,Product 8473,40,34.62
GH,Product 8474,97,47.48
GH,Product 8475,18,75.22
GH,Product 8476,17,20.40
ZA,Product 8477,50,89.19
NG,Product 8478,90,92.03
MA,Product 8479,9,67.02
MA,Product 8480,24,82.42
KE,Product 8481,18,87.11
ZA,Product 8482,58,38.46
GH,Product 8483,64,49.99
MA,Product 8484,63,72.15
ZA,Product 8485,95,82.76
GH,Product 8486,33,33.50
GH,Product 8487,18,48.69
ZA,Product 8488,13,44.85
NG,Product 8489,57,44.24
NG,Product 8490,55,88.26
GH,Product 8491,9,62.22
MA,Product 8492,0,2.52
GH,Product 8493,54,74.15
KE,Product 8494,67,19.75
NG,Product 8495,10,56.48
MA,Product 8496,47,26.63
MA,Product 8497,96,88.92
ZA,Product 8498,28,40.67
MA,Product 8499,62,96.72
MA,Product 8500,41,54.95
MA,Product 8501,98,15.44
MA,Product 8502,31,60.68
ZA,Product 8503,26,39.97
NG,Product 8504,52,42.80
MA,Product 8505,80,7.88
KE,Product 8506,63,79.72
NG,Product 8507,75,6.88
ZA,Product 8508,42,37.09
NG,Product 8509,98,86.91
KE,Product 8510,76,95.77
GH,Product 8511,19,48.91
ZA,Product 8512,55,54.81
ZA,Product 8513,78,45.69
ZA,Product 8514,12,0.92
KE,Product 8515,69,91.58
KE,Product 8516,12,10.85
ZA,Product 8517,61,24.11
MA,Product 8518,82,37.12
MA,Product 8519,51,45.66
GH,Product 8520,87,46.74
GH,Product 8521,78,27.37
GH,Product 8522,69,94.61
GH,Product 8523,55,59.19
NG,Product 8524,47,13.06
KE,Product 8525,57,53.82
NG,Product 8526,26,35.61
ZA,Product 8527,51,30.19
GH,Product 8528,87,67.88
KE,Product 8529,54,9.86
NG,Product 8530,23,50.87
MA,Product 8531,2,50.47
MA,Product 8532,20,2.49
GH,Product 8533,11,5.34
ZA,Product 8534,56,72.71
MA,Product 8535,32,52.62
GH,Product 8536,93,7.07
GH,Product 8537,28,51.39
GH,Product 8538,16,76.82
KE,Product 8539,57,64.87
NG,Product 8540,9,71.97
MA,Product 8541,82,11.35
MA,Product 8542,64,31.39
MA,Product 8543,9,13.01
GH,Product 8544,80,56.77
MA,Product 8545,68,38.43
GH,Product 8546,25,71.09
ZA,Product 8547,44,93.30
GH,Product 8548,72,74.40
KE,Product 8549,36,42.76
NG,Product 8550,65,64.42
NG,Product 8551,3,92.73
KE,Product 8552,23,25.13
GH,Product 8553,66,68.44
MA,Product 8554,42,71.75
NG,Product 8555,39,47.29
NG,Product 8556,59,74.90
MA,Product 8557,13,13.83
ZA,Product 8558,90,89.04
KE,Product 8559,97,5.18
KE,Product 8560,76,20.04
ZA,Product 8561,68,57.17
MA,Product 8562,53,5.10
GH,Product 8563,54,6.68
MA,Product 8564,8,18.04
NG,Product 8565,87,59.87
ZA,Product 8566,81,3.19
NG,Product 8567,5,90.31
KE,Product 8568,58,1.50
KE,Product 8569,23,44.97
KE,Product 8570,55,62.55
MA,Product 8571,38,2.90
NG,Product 8572,13,19.50
GH,Product 8573,85,82.23
GH,Product 8574,77,97.65
NG,Product 8575,45,12.54
NG,Product 8576,93,74.96
GH,Product 8577,98,8.14
ZA,Product 8578,23,48.74
GH,Product 8579,47,67.89
ZA,Product 8580,34,35.33
NG,Product 8581,64,88.27
GH,Product 8582,48,67.66
MA,Product 8583,70,74.51
MA,Product 8584,83,73.86
GH,Product 8585,91,59.29
NG,Product 8586,27,1.53
NG,Product 8587,97,99.95
MA,Product 8588,60,35.74
NG,Product 8589,62,41.08
ZA,Product 8590,89,75.09
ZA,Product 8591,4,64.29
ZA,Product 8592,83,99.19
GH,Product 8593,94,66.68
KE,Product 8594,17,94.32
MA,Product 8595,88,25.30
MA,Product 8596,51,56.68
KE,Product 8597,48,54.15
GH,Product 8598,58,2.61
KE,Product 8599,83,5.89
NG,Product 8600,1,46.87
MA,Product 8601,4,0.66
GH,Product 8602,8,37.67
MA,Product 8603,15,94.80
MA,Product 8604,82,27.15
ZA,Product 8605,70,2.94
GH,Product 8606,44,64.97
GH,Product 8607,17,81.35
MA,Product 8608,24,69.84
ZA,Product 8609,25,0.43
ZA,Product 8610,19,40.84
ZA,Product 8611,56,48.94
GH,Product 8612,36,7.86
KE,Product 8613,75,42.71
KE,Product 8614,75,83.07
NG,Product 8615,39,3.75
KE,Product 8616,19,88.38
KE,Product 8617,7,11.01
GH,Product 8618,27,63.58
GH,Product 8619,36,71.80
KE,Product 8620,92,80.91
GH,Product 8621,21,63.26
ZA,Product 8622,64,85.25
NG,Product 8623,89,29.16
KE,Product 8624,85,29.32
GH,Product 8625,48,32.97
NG,Product 8626,0,92.65
MA,Product 8627,1,44.42
GH,Product 8628,14,97.42
KE,Product 8629,73,1.33
NG,Product 8630,11,34.06
MA,Product 8631,44,7.26
KE,Product 8632,94,39.79
MA,Product 8633,17,68.96
MA,Product 8634,64,4.92
GH,Product 8635,48,3.56
GH,Product 8636,1,65.16
NG,Product 8637,82,21.45
NG,Product 8638,10,32.25
NG,Product 8639,7,32.16
GH,Product 8640,93,2.15
ZA,Product 8641,12,37.11
GH,Product 8642,61,59.08
MA,Product 8643,31,64.55
ZA,Product 8644,25,41.53
GH,Product 8645,0,43.39
MA,Product 8646,0,65.63
NG,Product 8647,63,48.06
GH,Product 8648,9,60.37
MA,Product 8649,10,59.40
KE,Product 8650,58,77.00
ZA,Product 8651,85,1.48
KE,Product 8652,50,1.37
NG,Product 8653,78,53.88
KE,Product 8654,3,28.27
NG,Product 8655,13,21.81
NG,Product 8656,77,46.70
NG,Product 8657,2,38.36
GH,Product 8658,15,20.42
NG,Product 8659,27,23.42
GH,Product 8660,52,80.21
NG,Product 8661,7,36.36
NG,Product 8662,22,44.54
MA,Product 8663,28,40.27
ZA,Product 8664,24,7.52
GH,Product 8665,13,98.80
GH,Product 8666,81,37.33
MA,Product 8667,15,47.93
MA,Product 8668,1,43.73
MA,Product 8669,80,21.63
KE,Product 8670,66,48.23
GH,Product 8671,32,25.02
MA,Product 8672,44,93.56
GH,Product 8673,49,71.43
MA,Product 8674,21,41.20
NG,Product 8675,57,86.41
MA,Product 8676,81,80.67
KE,Product 8677,46,3.25
ZA,Product 8678,21,74.65
MA,Product 8679,86,93.04
ZA,Product 8680,12,65.12
KE,Product 8681,16,19.81
GH,Product 8682,43,41.91
NG,Product 8683,52,61.56
MA,Product 8684,19,25.89
NG,Product 8685,60,54.18
MA,Product 8686,54,69.23
MA,Product 8687,58,48.06
ZA,Product 8688,27,39.76
MA,Product 8689,61,18.32
KE,Product 8690,1,25.18
MA,Product 8691,82,28.48
MA,Product 8692,67,17.32
GH,Product 8693,68,10.49
MA,Product 8694,19,66.30
GH,Product 8695,43,2.25
ZA,Product 8696,5,46.38
MA,Product 8697,5,18.24
ZA,Product 8698,81,11.98
ZA,Product 8699,78,30.52
MA,Product 8700,22,61.28
GH,Product 8701,51,89.26
KE,Product 8702,33,9.70
NG,Product 8703,50,22.95
NG,Product 8704,91,58.35
NG,Product 8705,76,68.67
KE,Product 8706,42,14.81
KE,Product 8707,85,32.02
MA,Product 8708,65,99.62
GH,Product 8709,26,92.81
NG,Product 8710,16,1.42
NG,Product 8711,41,2.59
KE,Product 8712,27,3.06
MA,Product 8713,90,9.26
MA,Product 8714,3,10.87
ZA,Product 8715,57,41.87
GH,Product 8716,52,82.23
KE,Product 8717,56,32.45
NG,Product 8718,15,64.01
ZA,Product 8719,77,49.23
KE,Product 8720,27,53.80
GH,Product 8721,12,71.81
ZA,Product 8722,49,70.62
MA,Product 8723,64,78.02
KE,Product 8724,76,33.91
KE,Product 8725,81,44.45
NG,Product 8726,55,49.71
NG,Product 8727,8,34.74
MA,Product 8728,4,37.65
GH,Product 8729,27,72.19
GH,Product 8730,17,47.71
NG,Product 8731,92,53.79
ZA,Product 8732,30,12.26
NG,Product 8733,79,67.73
GH,Product 8734,85,45.23
NG,Product 8735,23,26.48
KE,Product 8736,71,24.11
ZA,Product 8737,95,23.93
MA,Product 8738,50,96.70
NG,Product 8739,77,41.05
ZA,Product 8740,8,15.41
NG,Product 8741,73,61.95
NG,Product 8742,26,6.44
GH,Product 8743,89,84.98
ZA,Product 8744,98,39.89
NG,Product 8745,47,84.26
NG,Product 8746,76,91.03
NG,Product 8747,65,77.14
GH,Product 8748,87,46.12
KE,Product 8749,11,60.88
MA,Product 8750,89,89.70
GH,Product 8751,74,30.35
ZA,Product 8752,56,59.47
KE,Product 8753,94,22.82
GH,Product 8754,23,93.43
KE,Product 8755,32,75.71
MA,Product 8756,87,46.82
MA,Product 8757,47,15.26
NG,Product 8758,82,86.15
KE,Product 8759,65,79.46
MA,Product 8760,89,6.08
GH,Product 8761,76,41.90
MA,Product 8762,18,70.82
KE,Product 8763,60,70.70
GH,Product 8764,91,36.21
ZA,Product 8765,56,76.64
NG,Product 8766,36,35.03
KE,Product 8767,13,66.98
ZA,Product 8768,56,49.81
GH,Product 8769,91,48.35
NG,Product 8770,22,16.60
ZA,Product 8771,15,83.27
MA,Product 8772,84,27.17
ZA,Product 8773,16,46.13
ZA,Product 8774,40,12.63
MA,Product 8775,26,63.33
NG,Product 8776,72,99.31
MA,Product 8777,31,70.21
KE,Product 8778,32,52.64
MA,Product 8779,93,34.98
MA,Product 8780,35,81.58
GH,Product 8781,62,22.37
GH,Product 8782,16,92.62
NG,Product 8783,84,83.56
NG,Product 8784,25,41.74
MA,Product 8785,42,51.06
NG,Product 8786,99,14.00
KE,Product 8787,27,6.32
GH,Product 8788,31,91.33
NG,Product 8789,79,23.39
GH,Product 8790,27,13.01
KE,Product 8791,37,37.53
KE,Product 8792,53,45.95
GH,Product 8793,23,6.12
MA,Product 8794,18,10.39
ZA,Product 8795,39,76.47
NG,Product 8796,1,87.61
NG,Product 8797,88,84.41
NG,Product 8798,78,13.56
ZA,Product 8799,16,9.97
NG,Product 8800,93,94.07
NG,Product 8801,7,89.16
KE,Product 8802,88,76.56
MA,Product 8803,65,60.27
MA,Product 8804,18,36.17
GH,Product 8805,68,42.06
ZA,Product 8806,80,18.35
NG,Product 8807,2,39.14
ZA,Product 8808,0,53.56
GH,Product 8809,75,75.27
ZA,Product 8810,91,22.40
ZA,Product 8811,4,2.10
MA,Product 8812,54,76.20
ZA,Product 8813,15,43.48
GH,Product 8814,73,81.29
GH,Product 8815,57,38.21
ZA,Product 8816,23,20.27
KE,Product 8817,33,82.90
KE,Product 8818,83,86.55
GH,Product 8819,52,28.57
MA,Product 8820,97,77.38
KE,Product 8821,31,99.58
ZA,Product 8822,7,60.84
KE,Product 8823,17,53.53
NG,Product 8824,81,6.85
NG,Product 8825,5,25.54
ZA,Product 8826,18,41.57
ZA,Product 8827,63,83.45
KE,Product 8828,41,72.49
KE,Product 8829,20,44.18
KE,Product 8830,55,29.57
ZA,Product 8831,49,50.02
MA,Product 8832,66,46.49
KE,Product 8833,8,65.49
ZA,Product 8834,10,74.32
NG,Product 8835,97,85.17
ZA,Product 8836,77,92.50
MA,Product 8837,76,42.69
NG,Product 8838,9,17.29
NG,Product 8839,4,56.42
ZA,Product 8840,23,62.12
NG,Product 8841,51,72.98
NG,Product 8842,50,70.67
ZA,Product 8843,42,18.71
KE,Product 8844,83,59.74
KE,Product 8845,78,35.95
MA,Product 8846,44,75.79
KE,Product 8847,41,94.03
KE,Product 8848,24,54.16
ZA,Product 8849,7,27.99
KE,Product 8850,44,59.15
ZA,Product 8851,6,40.22
KE,Product 8852,89,87.02
NG,Product 8853,95,58.62
GH,Product 8854,10,5.04
ZA,Product 8855,81,89.76
ZA,Product 8856,98,42.32
GH,Product 8857,39,57.62
GH,Product 8858,8,86.43
MA,Product 8859,55,65.85
NG,Product 8860,80,28.31
KE,Product 8861,28,62.30
ZA,Product 8862,59,35.47
NG,Product 8863,87,87.77
ZA,Product 8864,11,45.89
KE,Product 8865,96,23.86
ZA,Product 8866,28,5.48
MA,Product 8867,58,77.33
NG,Product 8868,63,61.51
ZA,Product 8869,97,35.70
KE,Product 8870,12,28.98
KE,Product 8871,5,83.56
MA,Product 8872,27,43.99
MA,Product 8873,49,15.72
NG,Product 8874,18,44.70
KE,Product 8875,27,48.91
NG,Product 8876,82,23.35
GH,Product 8877,7,1.71
ZA,Product 8878,96,23.24
NG,Product 8879,66,57.20
NG,Product 8880,25,92.71
MA,Product 8881,1,98.22
MA,Product 8882,83,44.30
ZA,Product 8883,79,1.51
MA,Product 8884,13,63.54
NG,Product 8885,17,26.89
GH,Product 8886,4,82.36
ZA,Product 8887,24,92.66
MA,Product 8888,65,51.21
ZA,Product 8889,63,54.76
GH,Product 8890,36,92.86
ZA,Product 8891,10,50.72
GH,Product 8892,78,17.34
ZA,Product 8893,95,45.37
GH,Product 8894,83,58.25
ZA,Product 8895,2,99.21
ZA,Product 8896,98,52.17
ZA,Product 8897,76,1.04
GH,Product 8898,56,74.13
ZA,Product 8899,65,31.87
KE,Product 8900,61,90.25
KE,Product 8901,7,6.39
GH,Product 8902,63,45.22
KE,Product 8903,70,19.09
ZA,Product 8904,66,53.10
MA,Product 8905,96,5.54
GH,Product 8906,68,20.33
NG,Product 8907,42,15.03
KE,Product 8908,84,90.23
NG,Product 8909,69,57.33
GH,Product 8910,49,79.27
ZA,Product 8911,10,3.84
GH,Product 8912,78,2.49
KE,Product 8913,52,54.91
KE,Product 8914,81,13.58
ZA,Product 8915,93,64.54
ZA,Product 8916,80,13.21
NG,Product 8917,51,23.96
ZA,Product 8918,5,64.94
NG,Product 8919,11,37.64
MA,Product 8920,35,93.41
KE,Product 8921,51,5.98
GH,Product 8922,99,54.01
KE,Product 8923,68,73.03
ZA,Product 8924,72,58.08
ZA,Product 8925,84,77.26
MA,Product 8926,15,60.35
KE,Product 8927,70,11.43
GH,Product 8928,99,65.79
KE,Product 8929,58,76.94
GH,Product 8930,83,9.76
MA,Product 8931,58,18.01
GH,Product 8932,77,43.81
GH,Product 8933,74,10.47
GH,Product 8934,91,19.07
ZA,Product 8935,53,93.82
KE,Product 8936,46,17.17
ZA,Product 8937,9,84.98
MA,Product 8938,12,93.04
NG,Product 8939,26,25.68
ZA,Product 8940,35,26.04
KE,Product 8941,4,5.91
ZA,Product 8942,60,28.29
ZA,Product 8943,32,13.76
KE,Product 8944,9,88.19
KE,Product 8945,68,59.07
NG,Product 8946,21,20.53
MA,Product 8947,40,44.42
MA,Product 8948,89,46.44
ZA,Product 8949,69,30.50
GH,Product 8950,81,88.53
ZA,Product 8951,21,77.12
ZA,Product 8952,93,6.44
KE,Product 8953,71,28.78
GH,Product 8954,3,14.95
GH,Product 8955,61,88.36
MA,Product 8956,9,33.17
GH,Product 8957,63,76.19
GH,Product 8958,50,51.28
MA,Product 8959,42,75.81
ZA,Product 8960,42,55.18
KE,Product 8961,16,28.79
GH,Product 8962,79,6.25
ZA,Product 8963,67,54.73
ZA,Product 8964,86,26.25
GH,Product 8965,19,67.77
GH,Product 8966,21,14.50
MA,Product 8967,64,92.51
NG,Product 8968,7,50.78
KE,Product 8969,64,86.54
KE,Product 8970,56,63.88
NG,Product 8971,31,6.85
MA,Product 8972,21,64.66
MA,Product 8973,44,77.18
GH,Product 8974,43,46.67
ZA,Product 8975,75,55.01
GH,Product 8976,95,19.07
MA,Product 8977,62,14.74
KE,Product 8978,37,47.10
GH,Product 8979,1,63.90
MA,Product 8980,58,54.37
MA,Product 8981,80,59.31
NG,Product 8982,97,77.30
ZA,Product 8983,81,17.41
KE,Product 8984,28,53.68
NG,Product 8985,89,18.47
KE,Product 8986,21,10.37
ZA,Product 8987,20,30.88
NG,Product 8988,74,63.18
NG,Product 8989,77,4.30
NG,Product 8990,84,81.60
GH,Product 8991,62,12.76
MA,Product 8992,16,63.32
NG,Product 8993,87,48.24
ZA,Product 8994,1,97.55
GH,Product 8995,96,10.93
MA,Product 8996,85,9.49
GH,Product 8997,66,18.23
ZA,Product 8998,40,5.87
GH,Product 8999,43,10.72
GH,Product 9000,63,15.89
NG,Product 9001,69,15.38
KE,Product 9002,37,34.11
GH,Product 9003,21,70.54
NG,Product 9004,5,61.53
ZA,Product 9005,47,89.11
KE,Product 9006,45,78.66
NG,Product 9007,85,51.32
GH,Product 9008,96,84.63
NG,Product 9009,5,96.08
GH,Product 9010,91,83.94
ZA,Product 9011,31,42.82
NG,Product 9012,37,36.11
KE,Product 9013,10,81.08
GH,Product 9014,61,89.19
KE,Product 9015,12,53.86
ZA,Product 9016,53,32.45
MA,Product 9017,24,91.85
ZA,Product 9018,9,94.10
KE,Product 9019,74,73.39
KE,Product 9020,73,54.14
NG,Product 9021,84,39.37
GH,Product 9022,72,75.96
KE,Product 9023,26,84.28
KE,Product 9024,38,73.62
GH,Product 9025,91,76.54
MA,Product 9026,85,80.82
MA,Product 9027,4,83.38
ZA,Product 9028,55,81.97
NG,Product 9029,18,53.15
NG,Product 9030,73,82.76
ZA,Product 9031,54,10.42
MA,Product 9032,10,15.34
MA,Product 9033,13,4.15
GH,Product 9034,46,10.42
GH,Product 9035,30,77.31
KE,Product 9036,88,74.84
KE,Product 9037,90,24.46
KE,Product 9038,5,86.65
GH,Product 9039,52,57.27
GH,Product 9040,23,70.97
MA,Product 9041,57,63.31
KE,Product 9042,33,91.36
KE,Product 9043,30,12.38
ZA,Product 9044,30,25.79
MA,Product 9045,15,94.26
NG,Product 9046,8,32.96
ZA,Product 9047,49,77.00
KE,Product 9048,87,53.92
KE,Product 9049,89,97.15
NG,Product 9050,4,90.74
KE,Product 9051,27,44.42
GH,Product 9052,86,93.02
GH,Product 9053,64,42.67
KE,Product 9054,86,45.00
MA,Product 9055,28,79.62
NG,Product 9056,49,71.77
MA,Product 9057,77,99.37
NG,Product 9058,30,35.31
NG,Product 9059,31,69.43
ZA,Product 9060,55,8.70
KE,Product 9061,89,86.40
KE,Product 9062,42,91.90
ZA,Product 9063,39,36.77
KE,Product 9064,98,77.06
KE,Product 9065,67,58.12
MA,Product 9066,31,28.02
GH,Product 9067,93,84.78
NG,Product 9068,69,64.43
MA,Product 9069,90,80.84
ZA,Product 9070,65,43.05
KE,Product 9071,8,17.48
KE,Product 9072,14,48.26
NG,Product 9073,31,49.14
NG,Product 9074,2,30.71
ZA,Product 9075,15,30.57
NG,Product 9076,3,46.19
NG,Product 9077,37,78.14
GH,Product 9078,28,21.42
ZA,Product 9079,95,98.00
MA,Product 9080,77,74.53
GH,Product 9081,53,9.33
KE,Product 9082,89,93.10
MA,Product 9083,36,15.41
KE,Product 9084,20,57.41
KE,Product 9085,19,69.74
MA,Product 9086,53,24.08
ZA,Product 9087,12,72.66
KE,Product 9088,89,62.61
NG,Product 9089,11,61.32
KE,Product 9090,3,62.73
GH,Product 9091,32,30.86
NG,Product 9092,30,34.04
KE,Product 9093,72,44.88
ZA,Product 9094,22,30.29
KE,Product 9095,4,74.51
KE,Product 9096,4,8.38
GH,Product 9097,33,89.55
MA,Product 9098,32,89.72
KE,Product 9099,31,1.95
ZA,Product 9100,14,83.11
GH,Product 9101,70,77.88
NG,Product 9102,16,9.56
ZA,Product 9103,60,94.85
MA,Product 9104,23,2.74
MA,Product 9105,6,32.80
ZA,Product 9106,95,20.14
KE,Product 9107,70,50.76
GH,Product 9108,66,32.61
MA,Product 9109,51,34.93
GH,Product 9110,47,40.76
KE,Product 9111,22,40.15
NG,Product 9112,34,1.75
NG,Product 9113,29,80.67
KE,Product 9114,2,92.56
GH,Product 9115,7,1.42
GH,Product 9116,4,74.74
NG,Product 9117,33,93.75
GH,Product 9118,70,75.45
ZA,Product 9119,54,23.99
MA,Product 9120,80,86.40
ZA,Product 9121,48,19.52
ZA,Product 9122,53,48.78
NG,Product 9123,13,12.71
MA,Product 9124,94,5.48
GH,Product 9125,0,19.66
ZA,Product 9126,31,44.08
KE,Product 9127,43,68.35
NG,Product 9128,32,5.40
MA,Product 9129,50,76.19
NG,Product 9130,23,71.03
NG,Product 9131,1,93.32
ZA,Product 9132,50,77.07
MA,Product 9133,13,98.26
ZA,Product 9134,28,11.34
KE,Product 9135,62,31.47
MA,Product 9136,8,28.77
MA,Product 9137,8,0.77
MA,Product 9138,28,98.14
GH,Product 9139,82,59.91
MA,Product 9140,30,76.88
NG,Product 9141,78,52.95
GH,Product 9142,50,82.39
MA,Product 9143,97,20.95
NG,Product 9144,24,72.35
NG,Product 9145,39,20.48
ZA,Product 9146,36,21.31
KE,Product 9147,96,68.14
GH,Product 9148,20,77.65
KE,Product 9149,26,80.84
ZA,Product 9150,59,4.26
ZA,Product 9151,23,94.22
MA,Product 9152,66,3.70
MA,Product 9153,73,63.62
ZA,Product 9154,62,7.87
NG,Product 9155,28,25.90
GH,Product 9156,76,43.08
GH,Product 9157,12,88.17
GH,Product 9158,82,37.54
MA,Product 9159,28,57.83
KE,Product 9160,28,49.48
ZA,Product 9161,70,24.98
MA,Product 9162,10,89.05
NG,Product 9163,32,4.59
KE,Product 9164,82,55.61
GH,Product 9165,31,1.20
NG,Product 9166,21,31.30
NG,Product 9167,42,24.63
NG,Product 9168,86,28.37
KE,Product 9169,54,88.82
ZA,Product 9170,98,92.36
NG,Product 9171,78,54.48
MA,Product 9172,39,90.92
KE,Product 9173,3,9.72
MA,Product 9174,25,9.35
GH,Product 9175,2,26.99
KE,Product 9176,67,61.59
KE,Product 9177,92,91.88
KE,Product 9178,57,36.15
GH,Product 9179,78,51.08
ZA,Product 9180,78,6.69
NG,Product 9181,92,74.34
NG,Product 9182,12,32.06
MA,Product 9183,70,6.22
KE,Product 9184,17,78.20
NG,Product 9185,25,78.44
ZA,Product 9186,0,9.00
ZA,Product 9187,3,34.81
ZA,Product 9188,56,61.25
MA,Product 9189,31,90.28
MA,Product 9190,49,88.21
ZA,Product 9191,64,55.62
GH,Product 9192,43,47.86
KE,Product 9193,10,17.21
ZA,Product 9194,33,29.37
NG,Product 9195,71,69.92
KE,Product 9196,52,45.72
ZA,Product 9197,36,56.83
KE,Product 9198,97,25.66
KE,Product 9199,23,81.09
KE,Product 9200,46,97.86
KE,Product 9201,19,40.36
NG,Product 9202,69,10.94
KE,Product 9203,68,19.74
GH,Product 9204,0,51.10
ZA,Product 9205,99,81.88
NG,Product 9206,30,12.77
ZA,Product 9207,18,33.18
MA,Product 9208,17,97.22
KE,Product 9209,11,98.23
KE,Product 9210,84,77.36
NG,Product 9211,50,48.46
GH,Product 9212,4,11.85
GH,Product 9213,24,61.03
KE,Product 9214,28,94.96
MA,Product 9215,92,88.83
ZA,Product 9216,79,89.47
ZA,Product 9217,88,44.74
MA,Product 9218,80,2.63
GH,Product 9219,28,10.69
GH,Product 9220,22,20.43
ZA,Product 9221,66,81.43
KE,Product 9222,13,88.97
ZA,Product 9223,38,89.82
GH,Product 9224,23,23.16
KE,Product 9225,95,95.01
ZA,Product 9226,91,96.03
KE,Product 9227,13,88.86
MA,Product 9228,76,98.77
NG,Product 9229,56,44.14
KE,Product 9230,71,12.96
KE,Product 9231,58,54.58
NG,Product 9232,70,72.16
ZA,Product 9233,89,84.23
NG,Product 9234,22,31.52
MA,Product 9235,90,80.08
ZA,Product 9236,33,9.67
GH,Product 9237,46,79.94
NG,Product 9238,20,54.87
KE,Product 9239,44,59.54
GH,Product 9240,27,14.14
NG,Product 9241,36,2.21
ZA,Product 9242,38,26.24
GH,Product 9243,32,60.90
ZA,Product 9244,79,84.97
GH,Product 9245,13,55.93
KE,Product 9246,55,40.42
MA,Product 9247,95,75.93
GH,Product 9248,82,75.09
MA,Product 9249,56,29.63
ZA,Product 9250,34,2.31
ZA,Product 9251,12,62.90
MA,Product 9252,37,15.57
NG,Product 9253,57,49.69
KE,Product 9254,17,37.07
KE,Product 9255,24,37.88
KE,Product 9256,96,79.86
GH,Product 9257,86,51.38
GH,Product 9258,42,79.97
KE,Product 9259,5,31.25
NG,Product 9260,49,17.01
NG,Product 9261,53,60.82
MA,Product 9262,9,0.06
ZA,Product 9263,21,42.37
KE,Product 9264,51,91.29
KE,Product 9265,51,73.29
NG,Product 9266,67,80.44
GH,Product 9267,3,77.15
ZA,Product 9268,90,18.04
GH,Product 9269,29,36.21
KE,Product 9270,39,73.98
GH,Product 9271,57,62.45
NG,Product 9272,75,96.67
NG,Product 9273,16,58.56
GH,Product 9274,32,61.87
KE,Product 9275,97,62.62
KE,Product 9276,43,5.48
GH,Product 9277,80,26.24
GH,Product 9278,89,55.84
NG,Product 9279,59,71.28
GH,Product 9280,64,69.64
GH,Product 9281,48,8.22
ZA,Product 9282,89,8.96
KE,Product 9283,1,86.32
ZA,Product 9284,36,64.04
KE,Product 9285,57,62.84
NG,Product 9286,59,72.10
MA,Product 9287,64,77.52
MA,Product 9288,94,4.73
KE,Product 9289,22,0.85
GH,Product 9290,1,46.51
GH,Product 9291,46,75.37
NG,Product 9292,0,5.98
GH,Product 9293,26,42.65
ZA,Product 9294,31,76.91
KE,Product 9295,72,56.97
GH,Product 9296,99,5.33
ZA,Product 9297,11,85.72
MA,Product 9298,69,31.44
MA,Product 9299,60,54.01
GH,Product 9300,99,85.94
MA,Product 9301,12,68.91
KE,Product 9302,72,5.91
KE,Product 9303,25,26.86
GH,Product 9304,40,12.45
MA,Product 9305,31,51.11
MA,Product 9306,45,27.87
GH,Product 9307,0,21.12
NG,Product 9308,43,47.44
KE,Product 9309,35,0.04
MA,Product 9310,89,97.89
ZA,Product 9311,41,65.85
ZA,Product 9312,5,32.61
GH,Product 9313,30,57.38
NG,Product 9314,29,18.69
GH,Product 9315,53,35.34
KE,Product 9316,32,51.87
KE,Product 9317,65,42.84
MA,Product 9318,91,35.55
KE,Product 9319,3,85.67
MA,Product 9320,56,90.32
NG,Product 9321,18,8.91
ZA,Product 9322,80,62.65
GH,Product 9323,53,89.75
ZA,Product 9324,37,98.68
MA,Product 9325,92,39.03
ZA,Product 9326,1,11.05
GH,Product 9327,94,79.97
ZA,Product 9328,39,10.13
NG,Product 9329,74,76.09
ZA,Product 9330,67,47.24
KE,Product 9331,9,21.53
NG,Product 9332,63,73.81
MA,Product 9333,13,76.64
GH,Product 9334,70,28.46
GH,Product 9335,0,81.95
NG,Product 9336,88,91.76
KE,Product 9337,2,97.43
MA,Product 9338,0,18.35
MA,Product 9339,51,34.20
MA,Product 9340,36,67.11
MA,Product 9341,16,17.14
ZA,Product 9342,82,38.67
GH,Product 9343,11,38.44
NG,Product 9344,87,36.21
MA,Product 9345,59,58.16
ZA,Product 9346,41,14.96
ZA,Product 9347,10,67.77
KE,Product 9348,17,12.46
GH,Product 9349,95,14.84
KE,Product 9350,30,53.42
MA,Product 9351,96,88.82
GH,Product 9352,86,93.97
MA,Product 9353,17,6.13
NG,Product 9354,58,22.99
GH,Product 9355,96,15.40
GH,Product 9356,58,89.82
MA,Product 9357,6,18.94
NG,Product 9358,36,54.23
GH,Product 9359,39,1.23
GH,Product 9360,60,77.39
GH,Product 9361,20,31.79
KE,Product 9362,52,20.70
GH,Product 9363,97,90.77
NG,Product 9364,33,36.73
GH,Product 9365,78,62.97
GH,Product 9366,99,59.95
MA,Product 9367,41,21.68
MA,Product 9368,36,84.91
NG,Product 9369,48,65.41
KE,Product 9370,17,3.00
KE,Product 9371,58,57.52
ZA,Product 9372,16,1.84
ZA,Product 9373,37,81.41
KE,Product 9374,57,12.56
KE,Product 9375,13,49.38
KE,Product 9376,38,32.65
GH,Product 9377,21,87.60
MA,Product 9378,38,36.09
ZA,Product 9379,32,22.33
MA,Product 9380,31,92.25
MA,Product 9381,71,34.71
KE,Product 9382,46,69.58
KE,Product 9383,24,86.97
MA,Product 9384,98,55.89
KE,Product 9385,21,64.96
MA,Product 9386,45,30.44
GH,Product 9387,31,19.25
NG,Product 9388,15,94.05
MA,Product 9389,28,44.42
NG,Product 9390,64,92.19
NG,Product 9391,63,41.05
MA,Product 9392,10,36.78
GH,Product 9393,70,64.28
NG,Product 9394,64,35.98
NG,Product 9395,8,26.96
ZA,Product 9396,11,52.76
MA,Product 9397,3,21.48
GH,Product 9398,53,9.37
ZA,Product 9399,30,94.98
KE,Product 9400,9,91.92
NG,Product 9401,84,61.69
NG,Product 9402,0,52.59
MA,Product 9403,27,36.64
MA,Product 9404,87,63.70
GH,Product 9405,13,7.85
KE,Product 9406,84,84.60
ZA,Product 9407,86,41.29
MA,Product 9408,64,92.23
MA,Product 9409,40,37.29
MA,Product 9410,78,82.90
MA,Product 9411,46,28.59
ZA,Product 9412,70,37.80
NG,Product 9413,2,30.39
GH,Product 9414,48,72.15
ZA,Product 9415,7,22.56
MA,Product 9416,75,9.67
NG,Product 9417,21,95.65
MA,Product 9418,39,63.79
GH,Product 9419,86,88.84
ZA,Product 9420,45,13.21
GH,Product 9421,21,66.48
KE,Product 9422,51,35.42
NG,Product 9423,71,90.67
GH,Product 9424,34,59.89
GH,Product 9425,45,25.24
NG,Product 9426,98,10.75
GH,Product 9427,26,29.39
KE,Product 9428,35,72.70
ZA,Product 9429,72,2.62
GH,Product 9430,71,54.52
NG,Product 9431,99,78.42
KE,Product 9432,11,16.20
MA,Product 9433,27,98.80
ZA,Product 9434,80,91.97
MA,Product 9435,74,47.75
GH,Product 9436,27,26.16
KE,Product 9437,53,68.27
GH,Product 9438,29,54.11
GH,Product 9439,78,93.94
ZA,Product 9440,76,74.02
ZA,Product 9441,13,56.08
GH,Product 9442,10,0.52
KE,Product 9443,99,52.80
NG,Product 9444,76,97.44
GH,Product 9445,1,8.34
MA,Product 9446,77,69.78
GH,Product 9447,98,88.25
NG,Product 9448,52,90.23
GH,Product 9449,66,66.21
GH,Product 9450,70,28.59
GH,Product 9451,38,73.56
GH,Product 9452,37,65.36
GH,Product 9453,1,37.96
ZA,Product 9454,26,11.63
ZA,Product 9455,61,91.24
GH,Product 9456,16,84.70
KE,Product 9457,77,33.45
ZA,Product 9458,18,66.41
NG,Product 9459,81,23.83
GH,Product 9460,88,84.96
GH,Product 9461,21,74.05
GH,Product 9462,45,62.11
ZA,Product 9463,82,60.80
NG,Product 9464,63,13.50
MA,Product 9465,99,79.89
MA,Product 9466,64,69.44
GH,Product 9467,81,53.85
GH,Product 9468,25,98.94
NG,Product 9469,42,49.56
MA,Product 9470,79,25.24
KE,Product 9471,89,9.72
ZA,Product 9472,55,48.05
GH,Product 9473,98,1.26
NG,Product 9474,64,83.13
MA,Product 9475,37,41.58
NG,Product 9476,66,25.80
GH,Product 9477,51,42.90
ZA,Product 9478,95,34.58
NG,Product 9479,75,99.60
GH,Product 9480,80,61.09
ZA,Product 9481,79,17.54
GH,Product 9482,82,73.53
ZA,Product 9483,5,45.32
MA,Product 9484,59,43.19
GH,Product 9485,77,13.79
KE,Product 9486,62,97.56
NG,Product 9487,65,76.11
KE,Product 9488,3,61.24
GH,Product 9489,52,99.75
GH,Product 9490,70,67.54
KE,Product 9491,35,68.28
MA,Product 9492,62,56.84
NG,Product 9493,56,97.02
GH,Product 9494,52,5.15
ZA,Product 9495,88,53.39
ZA,Product 9496,95,21.96
MA,Product 9497,95,43.06
GH,Product 9498,30,2.07
GH,Product 9499,34,21.42
GH,Product 9500,71,27.52
NG,Product 9501,42,88.79
NG,Product 9502,71,2.13
GH,Product 9503,48,91.37
ZA,Product 9504,85,16.32
ZA,Product 9505,35,16.90
KE,Product 9506,17,57.61
KE,Product 9507,52,36.31
NG,Product 9508,76,74.80
ZA,Product 9509,59,94.44
ZA,Product 9510,64,87.88
ZA,Product 9511,54,73.96
MA,Product 9512,90,50.91
KE,Product 9513,32,40.64
NG,Product 9514,65,99.27
ZA,Product 9515,30,32.68
GH,Product 9516,17,62.26
ZA,Product 9517,50,49.76
KE,Product 9518,46,97.46
MA,Product 9519,40,52.70
GH,Product 9520,60,45.82
ZA,Product 9521,29,58.44
MA,Product 9522,44,70.74
KE,Product 9523,73,97.32
GH,Product 9524,45,88.20
NG,Product 9525,47,0.42
ZA,Product 9526,7,9.33
NG,Product 9527,66,71.68
MA,Product 9528,42,34.16
KE,Product 9529,47,69.44
NG,Product 9530,1,85.12
ZA,Product 9531,97,69.34
KE,Product 9532,8,74.74
GH,Product 9533,30,40.52
NG,Product 9534,14,85.85
GH,Product 9535,40,75.93
NG,Product 9536,23,25.39
ZA,Product 9537,74,36.78
ZA,Product 9538,90,25.39
ZA,Product 9539,80,51.36
KE,Product 9540,47,88.81
KE,Product 9541,95,48.74
MA,Product 9542,13,73.93
KE,Product 9543,63,27.04
KE,Product 9544,78,19.90
KE,Product 9545,51,86.38
GH,Product 9546,34,97.41
MA,Product 9547,98,47.57
KE,Product 9548,2,28.80
KE,Product 9549,38,42.39
MA,Product 9550,80,91.41
GH,Product 9551,61,95.37
GH,Product 9552,37,46.23
GH,Product 9553,97,24.64
NG,Product 9554,77,57.60
MA,Product 9555,69,48.30
ZA,Product 9556,93,70.08
ZA,Product 9557,7,2.21
GH,Product 9558,91,5.41
GH,Product 9559,64,63.88
NG,Product 9560,9,40.36
KE,Product 9561,91,32.69
NG,Product 9562,44,14.82
KE,Product 9563,56,61.15
NG,Product 9564,6,54.82
ZA,Product 9565,51,78.26
ZA,Product 9566,58,53.79
NG,Product 9567,86,89.88
NG,Product 9568,87,78.01
MA,Product 9569,15,14.53
GH,Product 9570,83,65.21
MA,Product 9571,74,19.70
GH,Product 9572,42,65.56
ZA,Product 9573,15,97.66
GH,Product 9574,23,80.56
GH,Product 9575,63,80.97
MA,Product 9576,73,82.48
ZA,Product 9577,96,72.81
MA,Product 9578,67,9.20
GH,Product 9579,81,2.47
ZA,Product 9580,99,89.52
MA,Product 9581,77,47.09
KE,Product 9582,12,87.46
NG,Product 9583,31,84.12
MA,Product 9584,47,67.98
GH,Product 9585,72,66.10
GH,Product 9586,23,75.54
KE,Product 9587,38,13.49
NG,Product 9588,56,48.13
ZA,Product 9589,84,48.27
MA,Product 9590,77,71.17
KE,Product 9591,78,27.02
GH,Product 9592,7,95.46
NG,Product 9593,94,88.20
ZA,Product 9594,43,56.58
NG,Product 9595,92,62.92
MA,Product 9596,43,63.87
MA,Product 9597,68,98.90
ZA,Product 9598,8,35.36
NG,Product 9599,69,15.09
ZA,Product 9600,99,98.45
ZA,Product 9601,53,6.52
GH,Product 9602,65,43.33
NG,Product 9603,10,36.18
KE,Product 9604,59,78.01
KE,Product 9605,18,62.96
KE,Product 9606,73,57.91
KE,Product 9607,35,51.65
MA,Product 9608,49,2.95
NG,Product 9609,50,35.80
MA,Product 9610,43,11.79
KE,Product 9611,35,0.07
NG,Product 9612,72,21.62
GH,Product 9613,44,90.71
NG,Product 9614,62,3.98
NG,Product 9615,22,61.79
NG,Product 9616,43,82.54
ZA,Product 9617,41,9.31
GH,Product 9618,65,11.82
KE,Product 9619,79,11.16
NG,Product 9620,10,67.92
GH,Product 9621,74,26.23
GH,Product 9622,22,4.40
MA,Product 9623,94,27.43
NG,Product 9624,58,3.16
GH,Product 9625,74,41.78
GH,Product 9626,6,43.10
KE,Product 9627,88,50.77
GH,Product 9628,46,8.58
GH,Product 9629,73,27.92
MA,Product 9630,11,93.55
GH,Product 9631,5,39.33
GH,Product 9632,85,15.34
NG,Product 9633,56,88.15
GH,Product 9634,87,19.69
GH,Product 9635,51,73.79
GH,Product 9636,33,79.03
KE,Product 9637,86,34.77
GH,Product 9638,12,50.20
ZA,Product 9639,41,66.27
GH,Product 9640,7,62.25
ZA,Product 9641,1,34.09
ZA,Product 9642,29,86.11
GH,Product 9643,98,41.99
MA,Product 9644,99,16.42
ZA,Product 9645,54,27.60
GH,Product 9646,96,85.48
GH,Product 9647,56,99.12
MA,Product 9648,58,2.87
KE,Product 9649,29,78.67
ZA,Product 9650,66,64.59
NG,Product 9651,20,26.73
KE,Product 9652,29,93.35
GH,Product 9653,1,43.16
NG,Product 9654,53,98.36
NG,Product 9655,36,46.45
MA,Product 9656,58,28.39
ZA,Product 9657,60,36.34
MA,Product 9658,96,75.73
KE,Product 9659,35,32.38
GH,Product 9660,77,63.28
NG,Product 9661,52,26.89
KE,Product 9662,49,17.27
MA,Product 9663,43,49.78
MA,Product 9664,21,45.49
ZA,Product 9665,78,75.76
GH,Product 9666,66,57.43
NG,Product 9667,54,10.02
GH,Product 9668,75,36.36
MA,Product 9669,12,36.89
NG,Product 9670,37,33.97
MA,Product 9671,48,28.81
MA,Product 9672,35,9.34
KE,Product 9673,36,73.72
MA,Product 9674,70,42.21
MA,Product 9675,46,95.52
KE,Product 9676,58,67.60
NG,Product 9677,87,10.48
KE,Product 9678,48,62.76
GH,Product 9679,67,52.92
ZA,Product 9680,74,76.93
NG,Product 9681,90,83.08
GH,Product 9682,14,93.87
MA,Product 9683,49,90.92
ZA,Product 9684,24,79.40
NG,Product 9685,95,26.87
KE,Product 9686,34,30.68
MA,Product 9687,20,53.23
GH,Product 9688,22,84.21
GH,Product 9689,49,1.09
KE,Product 9690,0,31.49
KE,Product 9691,94,81.84
KE,Product 9692,50,38.84
ZA,Product 9693,89,93.97
MA,Product 9694,48,20.26
MA,Product 9695,20,32.39
ZA,Product 9696,42,41.02
GH,Product 9697,71,74.24
ZA,Product 9698,27,8.41
ZA,Product 9699,57,65.36
NG,Product 9700,13,97.95
MA,Product 9701,58,94.82
ZA,Product 9702,18,51.66
KE,Product 9703,20,45.99
ZA,Product 9704,46,43.20
KE,Product 9705,61,84.98
ZA,Product 9706,37,5.92
NG,Product 9707,93,21.03
NG,Product 9708,85,85.04
ZA,Product 9709,63,77.66
ZA,Product 9710,14,69.92
KE,Product 9711,97,58.95
NG,Product 9712,30,89.57
NG,Product 9713,84,24.15
MA,Product 9714,3,32.26
NG,Product 9715,99,87.93
KE,Product 9716,64,77.93
ZA,Product 9717,46,88.64
KE,Product 9718,71,62.53
KE,Product 9719,35,63.32
GH,Product 9720,1,36.59
KE,Product 9721,83,10.53
MA,Product 9722,96,11.11
GH,Product 9723,45,49.95
NG,Product 9724,53,36.63
GH,Product 9725,16,38.62
KE,Product 9726,99,4.36
MA,Product 9727,56,50.91
GH,Product 9728,71,32.83
KE,Product 9729,5,82.11
ZA,Product 9730,12,11.44
ZA,Product 9731,33,53.11
NG,Product 9732,68,58.29
KE,Product 9733,85,99.95
NG,Product 9734,39,55.15
GH,Product 9735,23,72.49
ZA,Product 9736,76,28.86
NG,Product 9737,50,19.57
NG,Product 9738,20,67.81
KE,Product 9739,43,15.61
MA,Product 9740,27,30.59
NG,Product 9741,8,35.81
GH,Product 9742,30,64.67
MA,Product 9743,98,23.40
GH,Product 9744,26,79.84
ZA,Product 9745,84,12.41
GH,Product 9746,39,14.54
GH,Product 9747,11,44.63
MA,Product 9748,81,66.53
ZA,Product 9749,69,94.01
NG,Product 9750,13,62.88
NG,Product 9751,45,10.90
GH,Product 9752,13,79.28
KE,Product 9753,91,59.62
GH,Product 9754,43,16.52
KE,Product 9755,66,59.96
ZA,Product 9756,89,16.72
MA,Product 9757,26,41.86
ZA,Product 9758,90,59.58
NG,Product 9759,2,12.09
NG,Product 9760,84,25.87
NG,Product 9761,90,14.57
NG,Product 9762,74,10.78
ZA,Product 9763,74,85.32
MA,Product 9764,95,52.85
MA,Product 9765,23,29.17
KE,Product 9766,18,46.43
MA,Product 9767,87,44.25
GH,Product 9768,23,9.56
GH,Product 9769,98,98.88
NG,Product 9770,0,70.34
MA,Product 9771,8,42.28
NG,Product 9772,42,56.44
MA,Product 9773,61,10.82
NG,Product 9774,23,92.31
KE,Product 9775,50,8.51
NG,Product 9776,39,77.69
NG,Product 9777,46,48.87
KE,Product 9778,95,3.95
NG,Product 9779,97,16.80
KE,Product 9780,86,94.39
GH,Product 9781,50,87.08
NG,Product 9782,24,72.04
MA,Product 9783,6,85.33
GH,Product 9784,62,56.14
NG,Product 9785,16,30.10
MA,Product 9786,2,25.53
MA,Product 9787,40,4.23
NG,Product 9788,25,45.12
ZA,Product 9789,66,16.02
GH,Product 9790,58,67.39
KE,Product 9791,25,7.49
KE,Product 9792,31,91.58
GH,Product 9793,26,61.17
KE,Product 9794,26,54.71
MA,Product 9795,19,67.46
GH,Product 9796,34,71.42
NG,Product 9797,67,81.10
MA,Product 9798,7,71.17
GH,Product 9799,92,4.91
KE,Product 9800,37,31.49
ZA,Product 9801,11,18.27
NG,Product 9802,13,43.89
GH,Product 9803,68,1.25
KE,Product 9804,72,40.83
KE,Product 9805,6,17.99
GH,Product 9806,45,54.52
KE,Product 9807,29,19.36
KE,Product 9808,12,3.60
KE,Product 9809,36,0.48
ZA,Product 9810,47,1.53
ZA,Product 9811,81,79.16
MA,Product 9812,2,79.95
ZA,Product 9813,91,24.45
KE,Product 9814,34,27.92
ZA,Product 9815,5,3.99
MA,Product 9816,96,31.03
KE,Product 9817,57,92.90
ZA,Product 9818,59,17.38
KE,Product 9819,41,65.90
ZA,Product 9820,44,46.70
ZA,Product 9821,47,50.08
GH,Product 9822,78,16.29
MA,Product 9823,4,95.62
ZA,Product 9824,93,85.83
NG,Product 9825,70,81.38
KE,Product 9826,38,71.39
ZA,Product 9827,65,25.34
MA,Product 9828,6,35.90
NG,Product 9829,73,24.86
KE,Product 9830,34,16.39
ZA,Product 9831,38,87.80
MA,Product 9832,35,66.23
MA,Product 9833,98,75.89
KE,Product 9834,28,53.73
NG,Product 9835,1,28.10
NG,Product 9836,5,51.45
MA,Product 9837,75,66.12
MA,Product 9838,0,33.26
GH,Product 9839,28,13.59
ZA,Product 9840,67,1.91
ZA,Product 9841,73,13.03
ZA,Product 9842,35,54.44
GH,Product 9843,68,94.85
MA,Product 9844,12,47.86
NG,Product 9845,2,35.09
GH,Product 9846,8,9.36
MA,Product 9847,50,18.62
ZA,Product 9848,36,15.88
ZA,Product 9849,99,19.72
NG,Product 9850,22,35.15
MA,Product 9851,66,43.65
KE,Product 9852,18,73.72
GH,Product 9853,15,62.99
KE,Product 9854,79,94.94
ZA,Product 9855,3,34.33
NG,Product 9856,11,24.06
ZA,Product 9857,5,20.75
GH,Product 9858,22,56.52
GH,Product 9859,48,70.20
KE,Product 9860,39,73.99
KE,Product 9861,26,4.51
ZA,Product 9862,54,81.87
KE,Product 9863,29,21.96
ZA,Product 9864,7,72.08
ZA,Product 9865,21,30.54
KE,Product 9866,16,49.11
GH,Product 9867,63,42.34
KE,Product 9868,32,12.35
ZA,Product 9869,86,63.72
ZA,Product 9870,59,51.29
KE,Product 9871,38,63.57
KE,Product 9872,88,29.87
MA,Product 9873,61,0.13
MA,Product 9874,0,12.19
MA,Product 9875,92,27.17
NG,Product 9876,23,17.32
GH,Product 9877,34,48.78
MA,Product 9878,35,13.54
MA,Product 9879,76,20.92
MA,Product 9880,97,65.39
MA,Product 9881,14,53.32
GH,Product 9882,47,29.42
GH,Product 9883,90,19.50
KE,Product 9884,78,35.69
MA,Product 9885,20,44.40
NG,Product 9886,82,87.86
MA,Product 9887,11,32.54
MA,Product 9888,7,17.71
GH,Product 9889,2,94.87
KE,Product 9890,59,18.55
GH,Product 9891,52,99.04
KE,Product 9892,67,71.93
KE,Product 9893,5,1.67
ZA,Product 9894,87,52.94
ZA,Product 9895,47,52.44
GH,Product 9896,98,81.54
NG,Product 9897,90,10.21
NG,Product 9898,95,66.18
ZA,Product 9899,47,44.46
NG,Product 9900,4,94.44
GH,Product 9901,31,1.34
ZA,Product 9902,90,42.57
ZA,Product 9903,62,45.65
KE,Product 9904,9,9.86
KE,Product 9905,8,34.20
ZA,Product 9906,7,62.04
GH,Product 9907,19,47.77
NG,Product 9908,75,5.69
NG,Product 9909,61,45.10
NG,Product 9910,44,38.79
GH,Product 9911,29,48.72
MA,Product 9912,65,90.91
ZA,Product 9913,10,1.59
KE,Product 9914,51,93.06
KE,Product 9915,36,5.64
GH,Product 9916,94,82.68
GH,Product 9917,65,55.53
GH,Product 9918,70,54.28
KE,Product 9919,93,63.84
NG,Product 9920,36,0.29
GH,Product 9921,90,4.61
KE,Product 9922,80,42.76
ZA,Product 9923,55,68.98
NG,Product 9924,39,5.78
KE,Product 9925,3,62.68
KE,Product 9926,17,9.78
KE,Product 9927,76,31.54
GH,Product 9928,36,77.89
NG,Product 9929,68,4.31
NG,Product 9930,8,52.36
ZA,Product 9931,73,19.82
ZA,Product 9932,83,75.56
MA,Product 9933,20,54.38
GH,Product 9934,60,17.58
MA,Product 9935,27,72.17
KE,Product 9936,74,87.83
MA,Product 9937,24,37.50
MA,Product 9938,2,18.58
MA,Product 9939,23,1.64
ZA,Product 9940,61,5.36
KE,Product 9941,22,62.37
MA,Product 9942,68,42.40
MA,Product 9943,70,39.28
MA,Product 9944,74,14.75
KE,Product 9945,31,61.17
GH,Product 9946,23,52.48
MA,Product 9947,0,85.58
GH,Product 9948,90,50.51
ZA,Product 9949,83,45.77
GH,Product 9950,24,10.84
GH,Product 9951,62,79.42
KE,Product 9952,2,17.54
KE,Product 9953,99,75.74
MA,Product 9954,26,78.62
MA,Product 9955,78,94.39
KE,Product 9956,13,64.03
NG,Product 9957,66,38.17
GH,Product 9958,86,54.19
KE,Product 9959,52,23.21
ZA,Product 9960,82,67.92
MA,Product 9961,23,53.51
GH,Product 9962,66,6.33
GH,Product 9963,73,96.61
MA,Product 9964,85,54.07
ZA,Product 9965,14,71.11
NG,Product 9966,8,76.89
KE,Product 9967,21,55.08
KE,Product 9968,32,3.57
NG,Product 9969,33,92.59
ZA,Product 9970,1,26.04
KE,Product 9971,2,68.65
NG,Product 9972,27,55.92
MA,Product 9973,58,72.92
KE,Product 9974,17,13.07
NG,Product 9975,57,51.67
ZA,Product 9976,1,24.01
MA,Product 9977,21,54.36
MA,Product 9978,34,42.05
KE,Product 9979,58,62.75
KE,Product 9980,39,69.33
MA,Product 9981,87,91.49
ZA,Product 9982,89,32.13
NG,Product 9983,91,87.05
MA,Product 9984,52,9.59
GH,Product 9985,15,20.28
MA,Product 9986,93,59.34
ZA,Product 9987,40,46.46
KE,Product 9988,82,62.71
NG,Product 9989,89,14.74
KE,Product 9990,44,64.49
NG,Product 9991,94,60.17
KE,Product 9992,97,36.18
NG,Product 9993,58,43.24
NG,Product 9994,38,60.33
MA,Product 9995,54,99.41
GH,Product 9996,72,80.13
GH,Product 9997,35,4.26
KE,Product 9998,23,87.63
ZA,Product 9999,24,57.84